date,actual,prediction,train_start,train_end,country
2010-02-28,5.298203,5.35257,2005-02-28,2010-01-31,AU
2010-02-28,8.4,7.9080715,2005-02-28,2010-01-31,CA
2010-02-28,7.0,7.0488677,2005-02-28,2010-01-31,DE
2010-02-28,9.4,9.448169,2005-02-28,2010-01-31,FR
2010-02-28,8.0,7.775215,2005-02-28,2010-01-31,GB
2010-02-28,8.6,8.416025,2005-02-28,2010-01-31,IT
2010-02-28,5.0,5.091697,2005-02-28,2010-01-31,JP
2010-02-28,4.0,4.442216,2005-02-28,2010-01-31,KR
2010-02-28,9.8,9.630332,2005-02-28,2010-01-31,US
2010-03-31,5.422618,5.3026056,2005-03-31,2010-02-28,AU
2010-03-31,8.3,7.8878565,2005-03-31,2010-02-28,CA
2010-03-31,6.9,7.1527042,2005-03-31,2010-02-28,DE
2010-03-31,9.3,9.2793,2005-03-31,2010-02-28,FR
2010-03-31,8.0,7.863085,2005-03-31,2010-02-28,GB
2010-03-31,8.5,8.70734,2005-03-31,2010-02-28,IT
2010-03-31,5.1,5.0189824,2005-03-31,2010-02-28,JP
2010-03-31,3.6,3.9183097,2005-03-31,2010-02-28,KR
2010-03-31,9.9,8.976078,2005-03-31,2010-02-28,US
2010-04-30,5.498934,5.5961637,2005-04-30,2010-03-31,AU
2010-04-30,8.2,8.250978,2005-04-30,2010-03-31,CA
2010-04-30,6.8,6.983096,2005-04-30,2010-03-31,DE
2010-04-30,9.3,9.280875,2005-04-30,2010-03-31,FR
2010-04-30,7.9,7.925519,2005-04-30,2010-03-31,GB
2010-04-30,8.8,8.442338,2005-04-30,2010-03-31,IT
2010-04-30,5.1,5.0452843,2005-04-30,2010-03-31,JP
2010-04-30,3.6,3.792278,2005-04-30,2010-03-31,KR
2010-04-30,9.9,9.5449095,2005-04-30,2010-03-31,US
2010-05-31,5.229763,5.843169,2005-05-31,2010-04-30,AU
2010-05-31,8.2,8.27459,2005-05-31,2010-04-30,CA
2010-05-31,6.7,6.931299,2005-05-31,2010-04-30,DE
2010-05-31,9.3,9.255044,2005-05-31,2010-04-30,FR
2010-05-31,7.9,7.6602488,2005-05-31,2010-04-30,GB
2010-05-31,8.7,8.606576,2005-05-31,2010-04-30,IT
2010-05-31,5.1,5.0989337,2005-05-31,2010-04-30,JP
2010-05-31,3.3,4.1087933,2005-05-31,2010-04-30,KR
2010-05-31,9.6,9.707657,2005-05-31,2010-04-30,US
2010-06-30,5.144123,5.397812,2005-06-30,2010-05-31,AU
2010-06-30,8.0,8.254251,2005-06-30,2010-05-31,CA
2010-06-30,6.6,6.873383,2005-06-30,2010-05-31,DE
2010-06-30,9.2,9.312697,2005-06-30,2010-05-31,FR
2010-06-30,7.8,7.8618774,2005-06-30,2010-05-31,GB
2010-06-30,8.6,8.672784,2005-06-30,2010-05-31,IT
2010-06-30,5.2,5.1007767,2005-06-30,2010-05-31,JP
2010-06-30,3.5,3.4260745,2005-06-30,2010-05-31,KR
2010-06-30,9.4,9.475589,2005-06-30,2010-05-31,US
2010-07-31,5.28825,5.153067,2005-07-31,2010-06-30,AU
2010-07-31,8.2,8.1364,2005-07-31,2010-06-30,CA
2010-07-31,6.5,6.6442246,2005-07-31,2010-06-30,DE
2010-07-31,9.2,9.157044,2005-07-31,2010-06-30,FR
2010-07-31,7.8,7.73842,2005-07-31,2010-06-30,GB
2010-07-31,8.5,8.464083,2005-07-31,2010-06-30,IT
2010-07-31,5.0,5.1229825,2005-07-31,2010-06-30,JP
2010-07-31,3.8,4.0417504,2005-07-31,2010-06-30,KR
2010-07-31,9.4,9.2114725,2005-07-31,2010-06-30,US
2010-08-31,5.032184,5.2642765,2005-08-31,2010-07-31,AU
2010-08-31,8.2,8.283083,2005-08-31,2010-07-31,CA
2010-08-31,6.4,6.5123663,2005-08-31,2010-07-31,DE
2010-08-31,9.2,9.152265,2005-08-31,2010-07-31,FR
2010-08-31,7.8,7.7557883,2005-08-31,2010-07-31,GB
2010-08-31,8.5,8.445935,2005-08-31,2010-07-31,IT
2010-08-31,5.1,5.036325,2005-08-31,2010-07-31,JP
2010-08-31,3.5,4.0183034,2005-08-31,2010-07-31,KR
2010-08-31,9.5,9.343747,2005-08-31,2010-07-31,US
2010-09-30,5.054316,5.2265778,2005-09-30,2010-08-31,AU
2010-09-30,8.2,8.296901,2005-09-30,2010-08-31,CA
2010-09-30,6.4,6.4246902,2005-09-30,2010-08-31,DE
2010-09-30,9.2,9.183392,2005-09-30,2010-08-31,FR
2010-09-30,7.9,7.6839023,2005-09-30,2010-08-31,GB
2010-09-30,8.3,8.492453,2005-09-30,2010-08-31,IT
2010-09-30,5.1,5.120272,2005-09-30,2010-08-31,JP
2010-09-30,3.7,3.7539945,2005-09-30,2010-08-31,KR
2010-09-30,9.5,8.875884,2005-09-30,2010-08-31,US
2010-10-31,5.284854,5.0598836,2005-10-31,2010-09-30,AU
2010-10-31,8.1,7.85647,2005-10-31,2010-09-30,CA
2010-10-31,6.3,6.4506793,2005-10-31,2010-09-30,DE
2010-10-31,9.2,9.128822,2005-10-31,2010-09-30,FR
2010-10-31,7.9,7.7006307,2005-10-31,2010-09-30,GB
2010-10-31,8.5,8.28086,2005-10-31,2010-09-30,IT
2010-10-31,5.1,5.1176777,2005-10-31,2010-09-30,JP
2010-10-31,3.7,3.7684817,2005-10-31,2010-09-30,KR
2010-10-31,9.4,9.290228,2005-10-31,2010-09-30,US
2010-11-30,5.109206,5.1930184,2005-11-30,2010-10-31,AU
2010-11-30,7.9,7.9880977,2005-11-30,2010-10-31,CA
2010-11-30,6.2,6.4643693,2005-11-30,2010-10-31,DE
2010-11-30,9.2,9.2110195,2005-11-30,2010-10-31,FR
2010-11-30,7.9,7.5070214,2005-11-30,2010-10-31,GB
2010-11-30,8.3,8.525671,2005-11-30,2010-10-31,IT
2010-11-30,5.0,5.0711093,2005-11-30,2010-10-31,JP
2010-11-30,3.3,3.7370212,2005-11-30,2010-10-31,KR
2010-11-30,9.8,9.324302,2005-11-30,2010-10-31,US
2010-12-31,4.876918,5.4842186,2005-12-31,2010-11-30,AU
2010-12-31,7.8,8.1515,2005-12-31,2010-11-30,CA
2010-12-31,6.1,6.448384,2005-12-31,2010-11-30,DE
2010-12-31,9.2,9.18793,2005-12-31,2010-11-30,FR
2010-12-31,7.9,7.7860255,2005-12-31,2010-11-30,GB
2010-12-31,8.2,8.368908,2005-12-31,2010-11-30,IT
2010-12-31,4.9,4.9955497,2005-12-31,2010-11-30,JP
2010-12-31,3.7,3.5856743,2005-12-31,2010-11-30,KR
2010-12-31,9.3,9.838825,2005-12-31,2010-11-30,US
2011-01-31,5.003428,5.068637,2006-01-31,2010-12-31,AU
2011-01-31,7.8,7.5645747,2006-01-31,2010-12-31,CA
2011-01-31,6.0,6.384076,2006-01-31,2010-12-31,DE
2011-01-31,9.2,9.010058,2006-01-31,2010-12-31,FR
2011-01-31,7.8,7.627386,2006-01-31,2010-12-31,GB
2011-01-31,8.1,8.064708,2006-01-31,2010-12-31,IT
2011-01-31,4.8,4.9939075,2006-01-31,2010-12-31,JP
2011-01-31,3.6,3.736117,2006-01-31,2010-12-31,KR
2011-01-31,9.1,8.849042,2006-01-31,2010-12-31,US
2011-02-28,4.97187,5.0623665,2006-02-28,2011-01-31,AU
2011-02-28,7.8,7.5577326,2006-02-28,2011-01-31,CA
2011-02-28,5.9,5.9459896,2006-02-28,2011-01-31,DE
2011-02-28,9.2,9.127057,2006-02-28,2011-01-31,FR
2011-02-28,7.8,7.7777686,2006-02-28,2011-01-31,GB
2011-02-28,8.1,8.035615,2006-02-28,2011-01-31,IT
2011-02-28,4.7,4.805021,2006-02-28,2011-01-31,JP
2011-02-28,3.6,3.578266,2006-02-28,2011-01-31,KR
2011-02-28,9.0,8.350014,2006-02-28,2011-01-31,US
2011-03-31,4.926472,5.1119747,2006-03-31,2011-02-28,AU
2011-03-31,7.8,7.4900265,2006-03-31,2011-02-28,CA
2011-03-31,5.7,5.778828,2006-03-31,2011-02-28,DE
2011-03-31,9.1,9.172712,2006-03-31,2011-02-28,FR
2011-03-31,7.7,7.807805,2006-03-31,2011-02-28,GB
2011-03-31,8.1,8.0416355,2006-03-31,2011-02-28,IT
2011-03-31,4.7,4.40318,2006-03-31,2011-02-28,JP
2011-03-31,3.7,3.5407655,2006-03-31,2011-02-28,KR
2011-03-31,9.0,8.514169,2006-03-31,2011-02-28,US
2011-04-30,4.959724,5.047325,2006-04-30,2011-03-31,AU
2011-04-30,7.8,7.655472,2006-04-30,2011-03-31,CA
2011-04-30,5.6,6.015154,2006-04-30,2011-03-31,DE
2011-04-30,9.1,9.155252,2006-04-30,2011-03-31,FR
2011-04-30,7.8,7.6189513,2006-04-30,2011-03-31,GB
2011-04-30,7.9,8.035769,2006-04-30,2011-03-31,IT
2011-04-30,4.7,4.7425613,2006-04-30,2011-03-31,JP
2011-04-30,3.5,3.6958177,2006-04-30,2011-03-31,KR
2011-04-30,9.1,8.765968,2006-04-30,2011-03-31,US
2011-05-31,5.013318,5.0286617,2006-05-31,2011-04-30,AU
2011-05-31,7.7,7.71985,2006-05-31,2011-04-30,CA
2011-05-31,5.6,5.903834,2006-05-31,2011-04-30,DE
2011-05-31,9.1,9.100827,2006-05-31,2011-04-30,FR
2011-05-31,7.9,7.8041267,2006-05-31,2011-04-30,GB
2011-05-31,8.3,7.9647365,2006-05-31,2011-04-30,IT
2011-05-31,4.6,4.6304274,2006-05-31,2011-04-30,JP
2011-05-31,3.3,3.51729,2006-05-31,2011-04-30,KR
2011-05-31,9.0,8.91404,2006-05-31,2011-04-30,US
2011-06-30,4.916609,5.1300936,2006-06-30,2011-05-31,AU
2011-06-30,7.7,7.7431793,2006-06-30,2011-05-31,CA
2011-06-30,5.5,5.8100605,2006-06-30,2011-05-31,DE
2011-06-30,9.1,9.081481,2006-06-30,2011-05-31,FR
2011-06-30,8.0,7.824509,2006-06-30,2011-05-31,GB
2011-06-30,8.3,8.2720375,2006-06-30,2011-05-31,IT
2011-06-30,4.7,4.605917,2006-06-30,2011-05-31,JP
2011-06-30,3.3,3.4055576,2006-06-30,2011-05-31,KR
2011-06-30,9.1,9.153413,2006-06-30,2011-05-31,US
2011-07-31,5.092914,5.2490387,2006-07-31,2011-06-30,AU
2011-07-31,7.4,7.836609,2006-07-31,2011-06-30,CA
2011-07-31,5.5,5.7098346,2006-07-31,2011-06-30,DE
2011-07-31,9.2,9.105457,2006-07-31,2011-06-30,FR
2011-07-31,8.2,7.8556066,2006-07-31,2011-06-30,GB
2011-07-31,8.5,8.345477,2006-07-31,2011-06-30,IT
2011-07-31,4.7,4.658518,2006-07-31,2011-06-30,JP
2011-07-31,3.4,3.5711803,2006-07-31,2011-06-30,KR
2011-07-31,9.0,9.134528,2006-07-31,2011-06-30,US
2011-08-31,5.270048,5.102654,2006-08-31,2011-07-31,AU
2011-08-31,7.4,7.370674,2006-08-31,2011-07-31,CA
2011-08-31,5.4,5.6737056,2006-08-31,2011-07-31,DE
2011-08-31,9.2,9.196205,2006-08-31,2011-07-31,FR
2011-08-31,8.3,8.021614,2006-08-31,2011-07-31,GB
2011-08-31,8.7,8.542979,2006-08-31,2011-07-31,IT
2011-08-31,4.5,4.649726,2006-08-31,2011-07-31,JP
2011-08-31,3.2,3.5580475,2006-08-31,2011-07-31,KR
2011-08-31,9.0,9.018728,2006-08-31,2011-07-31,US
2011-09-30,5.221719,5.28246,2006-09-30,2011-08-31,AU
2011-09-30,7.5,7.4961715,2006-09-30,2011-08-31,CA
2011-09-30,5.4,5.59738,2006-09-30,2011-08-31,DE
2011-09-30,9.2,9.111742,2006-09-30,2011-08-31,FR
2011-09-30,8.4,8.186674,2006-09-30,2011-08-31,GB
2011-09-30,9.0,8.64098,2006-09-30,2011-08-31,IT
2011-09-30,4.2,4.858852,2006-09-30,2011-08-31,JP
2011-09-30,3.3,3.6807282,2006-09-30,2011-08-31,KR
2011-09-30,9.0,9.065637,2006-09-30,2011-08-31,US
2011-10-31,5.187731,5.223976,2006-10-31,2011-09-30,AU
2011-10-31,7.5,7.6652846,2006-10-31,2011-09-30,CA
2011-10-31,5.3,5.5044065,2006-10-31,2011-09-30,DE
2011-10-31,9.3,9.156437,2006-10-31,2011-09-30,FR
2011-10-31,8.5,8.379816,2006-10-31,2011-09-30,GB
2011-10-31,8.9,9.003993,2006-10-31,2011-09-30,IT
2011-10-31,4.4,4.6673484,2006-10-31,2011-09-30,JP
2011-10-31,3.3,3.4266026,2006-10-31,2011-09-30,KR
2011-10-31,8.8,9.137848,2006-10-31,2011-09-30,US
2011-11-30,5.231228,5.305805,2006-11-30,2011-10-31,AU
2011-11-30,7.6,7.508824,2006-11-30,2011-10-31,CA
2011-11-30,5.2,5.413021,2006-11-30,2011-10-31,DE
2011-11-30,9.4,9.199368,2006-11-30,2011-10-31,FR
2011-11-30,8.4,8.32923,2006-11-30,2011-10-31,GB
2011-11-30,9.4,8.924541,2006-11-30,2011-10-31,IT
2011-11-30,4.5,4.4192543,2006-11-30,2011-10-31,JP
2011-11-30,3.3,3.4636407,2006-11-30,2011-10-31,KR
2011-11-30,8.6,8.760531,2006-11-30,2011-10-31,US
2011-12-31,5.196874,5.5611534,2006-12-31,2011-11-30,AU
2011-12-31,7.5,7.7279873,2006-12-31,2011-11-30,CA
2011-12-31,5.2,5.479499,2006-12-31,2011-11-30,DE
2011-12-31,9.4,9.379584,2006-12-31,2011-11-30,FR
2011-12-31,8.3,8.296689,2006-12-31,2011-11-30,GB
2011-12-31,9.7,9.429827,2006-12-31,2011-11-30,IT
2011-12-31,4.5,4.621057,2006-12-31,2011-11-30,JP
2011-12-31,3.2,3.7932613,2006-12-31,2011-11-30,KR
2011-12-31,8.5,8.658319,2006-12-31,2011-11-30,US
2012-01-31,5.047909,5.4045115,2007-01-31,2011-12-31,AU
2012-01-31,7.7,7.6565294,2007-01-31,2011-12-31,CA
2012-01-31,5.1,5.454026,2007-01-31,2011-12-31,DE
2012-01-31,9.5,9.350966,2007-01-31,2011-12-31,FR
2012-01-31,8.3,8.290091,2007-01-31,2011-12-31,GB
2012-01-31,9.7,9.356401,2007-01-31,2011-12-31,IT
2012-01-31,4.5,4.510615,2007-01-31,2011-12-31,JP
2012-01-31,3.3,3.6956651,2007-01-31,2011-12-31,KR
2012-01-31,8.3,8.4833765,2007-01-31,2011-12-31,US
2012-02-29,5.191717,5.1148424,2007-02-28,2012-01-31,AU
2012-02-29,7.6,7.4002256,2007-02-28,2012-01-31,CA
2012-02-29,5.1,5.29489,2007-02-28,2012-01-31,DE
2012-02-29,9.5,9.429403,2007-02-28,2012-01-31,FR
2012-02-29,8.2,8.166595,2007-02-28,2012-01-31,GB
2012-02-29,10.1,9.504618,2007-02-28,2012-01-31,IT
2012-02-29,4.5,4.433738,2007-02-28,2012-01-31,JP
2012-02-29,3.3,3.4396894,2007-02-28,2012-01-31,KR
2012-02-29,8.3,8.225417,2007-02-28,2012-01-31,US
2012-03-31,5.183195,5.1717963,2007-03-31,2012-02-29,AU
2012-03-31,7.4,7.636579,2007-03-31,2012-02-29,CA
2012-03-31,5.1,5.2426963,2007-03-31,2012-02-29,DE
2012-03-31,9.6,9.484969,2007-03-31,2012-02-29,FR
2012-03-31,8.2,8.059639,2007-03-31,2012-02-29,GB
2012-03-31,10.5,9.64067,2007-03-31,2012-02-29,IT
2012-03-31,4.5,4.4639416,2007-03-31,2012-02-29,JP
2012-03-31,3.3,3.4382746,2007-03-31,2012-02-29,KR
2012-03-31,8.2,8.083279,2007-03-31,2012-02-29,US
2012-04-30,4.994934,5.413718,2007-04-30,2012-03-31,AU
2012-04-30,7.4,7.399123,2007-04-30,2012-03-31,CA
2012-04-30,5.1,5.1838374,2007-04-30,2012-03-31,DE
2012-04-30,9.7,9.525856,2007-04-30,2012-03-31,FR
2012-04-30,8.1,8.144924,2007-04-30,2012-03-31,GB
2012-04-30,10.7,9.865943,2007-04-30,2012-03-31,IT
2012-04-30,4.5,5.1041794,2007-04-30,2012-03-31,JP
2012-04-30,3.3,3.6723576,2007-04-30,2012-03-31,KR
2012-04-30,8.2,8.2165785,2007-04-30,2012-03-31,US
2012-05-31,5.200464,5.0131383,2007-05-31,2012-04-30,AU
2012-05-31,7.6,7.499079,2007-05-31,2012-04-30,CA
2012-05-31,5.1,5.250433,2007-05-31,2012-04-30,DE
2012-05-31,9.7,9.764391,2007-05-31,2012-04-30,FR
2012-05-31,8.0,8.104182,2007-05-31,2012-04-30,GB
2012-05-31,10.6,10.011315,2007-05-31,2012-04-30,IT
2012-05-31,4.4,4.3998065,2007-05-31,2012-04-30,JP
2012-05-31,3.2,3.3141627,2007-05-31,2012-04-30,KR
2012-05-31,8.2,8.224904,2007-05-31,2012-04-30,US
2012-06-30,5.162393,5.2535925,2007-06-30,2012-05-31,AU
2012-06-30,7.4,7.509121,2007-06-30,2012-05-31,CA
2012-06-30,5.1,5.1363945,2007-06-30,2012-05-31,DE
2012-06-30,9.7,9.530455,2007-06-30,2012-05-31,FR
2012-06-30,8.0,7.9879293,2007-06-30,2012-05-31,GB
2012-06-30,11.0,10.26685,2007-06-30,2012-05-31,IT
2012-06-30,4.3,4.693302,2007-06-30,2012-05-31,JP
2012-06-30,3.2,3.268863,2007-06-30,2012-05-31,KR
2012-06-30,8.2,8.135687,2007-06-30,2012-05-31,US
2012-07-31,5.182356,5.016153,2007-07-31,2012-06-30,AU
2012-07-31,7.3,7.293465,2007-07-31,2012-06-30,CA
2012-07-31,5.1,5.106008,2007-07-31,2012-06-30,DE
2012-07-31,9.7,9.6088,2007-07-31,2012-06-30,FR
2012-07-31,7.9,8.100863,2007-07-31,2012-06-30,GB
2012-07-31,11.1,10.4928255,2007-07-31,2012-06-30,IT
2012-07-31,4.3,4.3561516,2007-07-31,2012-06-30,JP
2012-07-31,3.2,3.8635683,2007-07-31,2012-06-30,KR
2012-07-31,8.2,8.068074,2007-07-31,2012-06-30,US
2012-08-31,5.157031,5.17218,2007-08-31,2012-07-31,AU
2012-08-31,7.4,7.1865935,2007-08-31,2012-07-31,CA
2012-08-31,5.0,5.0643353,2007-08-31,2012-07-31,DE
2012-08-31,9.7,9.619233,2007-08-31,2012-07-31,FR
2012-08-31,7.8,8.03618,2007-08-31,2012-07-31,GB
2012-08-31,11.1,10.612318,2007-08-31,2012-07-31,IT
2012-08-31,4.2,4.426668,2007-08-31,2012-07-31,JP
2012-08-31,3.2,3.5227506,2007-08-31,2012-07-31,KR
2012-08-31,8.1,8.185434,2007-08-31,2012-07-31,US
2012-09-30,5.488333,5.186919,2007-09-30,2012-08-31,AU
2012-09-30,7.4,7.4722133,2007-09-30,2012-08-31,CA
2012-09-30,5.0,5.0386395,2007-09-30,2012-08-31,DE
2012-09-30,9.8,9.689926,2007-09-30,2012-08-31,FR
2012-09-30,7.8,7.8791785,2007-09-30,2012-08-31,GB
2012-09-30,11.3,10.815558,2007-09-30,2012-08-31,IT
2012-09-30,4.2,4.337476,2007-09-30,2012-08-31,JP
2012-09-30,3.2,3.3636732,2007-09-30,2012-08-31,KR
2012-09-30,7.8,7.780243,2007-09-30,2012-08-31,US
2012-10-31,5.410439,5.4121857,2007-10-31,2012-09-30,AU
2012-10-31,7.4,7.0762725,2007-10-31,2012-09-30,CA
2012-10-31,5.0,5.029373,2007-10-31,2012-09-30,DE
2012-10-31,10.1,9.7311535,2007-10-31,2012-09-30,FR
2012-10-31,7.8,7.869389,2007-10-31,2012-09-30,GB
2012-10-31,11.6,10.841274,2007-10-31,2012-09-30,IT
2012-10-31,4.1,4.187189,2007-10-31,2012-09-30,JP
2012-10-31,3.1,3.3740642,2007-10-31,2012-09-30,KR
2012-10-31,7.8,7.6944766,2007-10-31,2012-09-30,US
2012-11-30,5.256884,5.3264966,2007-11-30,2012-10-31,AU
2012-11-30,7.4,7.4876404,2007-11-30,2012-10-31,CA
2012-11-30,5.0,5.005776,2007-11-30,2012-10-31,DE
2012-11-30,10.2,10.458596,2007-11-30,2012-10-31,FR
2012-11-30,7.8,7.847678,2007-11-30,2012-10-31,GB
2012-11-30,11.6,10.9525175,2007-11-30,2012-10-31,IT
2012-11-30,4.1,4.2526755,2007-11-30,2012-10-31,JP
2012-11-30,3.2,3.396568,2007-11-30,2012-10-31,KR
2012-11-30,7.7,7.331511,2007-11-30,2012-10-31,US
2012-12-31,5.432442,5.0643153,2007-12-31,2012-11-30,AU
2012-12-31,7.3,7.590388,2007-12-31,2012-11-30,CA
2012-12-31,5.0,5.6689663,2007-12-31,2012-11-30,DE
2012-12-31,10.3,10.204635,2007-12-31,2012-11-30,FR
2012-12-31,7.8,7.7867875,2007-12-31,2012-11-30,GB
2012-12-31,11.7,11.058923,2007-12-31,2012-11-30,IT
2012-12-31,4.3,4.1865225,2007-12-31,2012-11-30,JP
2012-12-31,3.2,4.211243,2007-12-31,2012-11-30,KR
2012-12-31,7.9,7.7357874,2007-12-31,2012-11-30,US
2013-01-31,5.389523,5.3571734,2008-01-31,2012-12-31,AU
2013-01-31,7.1,7.356445,2008-01-31,2012-12-31,CA
2013-01-31,5.1,4.9368105,2008-01-31,2012-12-31,DE
2013-01-31,10.4,10.166594,2008-01-31,2012-12-31,FR
2013-01-31,8.0,7.8269734,2008-01-31,2012-12-31,GB
2013-01-31,12.0,11.127816,2008-01-31,2012-12-31,IT
2013-01-31,4.2,4.322165,2008-01-31,2012-12-31,JP
2013-01-31,3.2,3.5990808,2008-01-31,2012-12-31,KR
2013-01-31,8.0,7.9593763,2008-01-31,2012-12-31,US
2013-02-28,5.394335,5.3256073,2008-02-29,2013-01-31,AU
2013-02-28,7.1,7.0740104,2008-02-29,2013-01-31,CA
2013-02-28,5.1,5.0311465,2008-02-29,2013-01-31,DE
2013-02-28,10.4,10.210818,2008-02-29,2013-01-31,FR
2013-02-28,7.8,7.8965154,2008-02-29,2013-01-31,GB
2013-02-28,12.0,11.146904,2008-02-29,2013-01-31,IT
2013-02-28,4.3,4.1840477,2008-02-29,2013-01-31,JP
2013-02-28,3.1,3.3391056,2008-02-29,2013-01-31,KR
2013-02-28,7.7,8.045177,2008-02-29,2013-01-31,US
2013-03-31,5.640448,5.3567195,2008-03-31,2013-02-28,AU
2013-03-31,7.3,6.996117,2008-03-31,2013-02-28,CA
2013-03-31,5.0,5.133559,2008-03-31,2013-02-28,DE
2013-03-31,10.4,10.37283,2008-03-31,2013-02-28,FR
2013-03-31,7.8,7.844706,2008-03-31,2013-02-28,GB
2013-03-31,12.0,11.594528,2008-03-31,2013-02-28,IT
2013-03-31,4.1,4.190835,2008-03-31,2013-02-28,JP
2013-03-31,3.0,3.1754265,2008-03-31,2013-02-28,KR
2013-03-31,7.5,7.7467656,2008-03-31,2013-02-28,US
2013-04-30,5.589105,5.431768,2008-04-30,2013-03-31,AU
2013-04-30,7.2,7.2796535,2008-04-30,2013-03-31,CA
2013-04-30,5.0,5.022824,2008-04-30,2013-03-31,DE
2013-04-30,10.5,10.3454275,2008-04-30,2013-03-31,FR
2013-04-30,7.7,7.8684688,2008-04-30,2013-03-31,GB
2013-04-30,12.2,11.595772,2008-04-30,2013-03-31,IT
2013-04-30,4.1,4.2664356,2008-04-30,2013-03-31,JP
2013-04-30,3.0,3.1702135,2008-04-30,2013-03-31,KR
2013-04-30,7.6,7.5807357,2008-04-30,2013-03-31,US
2013-05-31,5.609777,5.577844,2008-05-31,2013-04-30,AU
2013-05-31,7.1,7.161718,2008-05-31,2013-04-30,CA
2013-05-31,5.0,5.0466833,2008-05-31,2013-04-30,DE
2013-05-31,10.4,10.170857,2008-05-31,2013-04-30,FR
2013-05-31,7.7,7.686652,2008-05-31,2013-04-30,GB
2013-05-31,12.4,11.629494,2008-05-31,2013-04-30,IT
2013-05-31,4.1,4.1313906,2008-05-31,2013-04-30,JP
2013-05-31,3.1,3.1455238,2008-05-31,2013-04-30,KR
2013-05-31,7.5,7.5434837,2008-05-31,2013-04-30,US
2013-06-30,5.694923,5.580077,2008-06-30,2013-05-31,AU
2013-06-30,7.2,6.8715453,2008-06-30,2013-05-31,CA
2013-06-30,4.9,4.9817734,2008-06-30,2013-05-31,DE
2013-06-30,10.4,10.217197,2008-06-30,2013-05-31,FR
2013-06-30,7.7,7.6396,2008-06-30,2013-05-31,GB
2013-06-30,12.5,11.365001,2008-06-30,2013-05-31,IT
2013-06-30,3.9,4.1407924,2008-06-30,2013-05-31,JP
2013-06-30,3.1,3.1167831,2008-06-30,2013-05-31,KR
2013-06-30,7.5,7.6125374,2008-06-30,2013-05-31,US
2013-07-31,5.635702,5.569457,2008-07-31,2013-06-30,AU
2013-07-31,7.3,6.981599,2008-07-31,2013-06-30,CA
2013-07-31,4.9,4.9300766,2008-07-31,2013-06-30,DE
2013-07-31,10.3,10.35061,2008-07-31,2013-06-30,FR
2013-07-31,7.7,7.641637,2008-07-31,2013-06-30,GB
2013-07-31,12.3,11.35625,2008-07-31,2013-06-30,IT
2013-07-31,3.8,4.1071754,2008-07-31,2013-06-30,JP
2013-07-31,3.2,3.8776855,2008-07-31,2013-06-30,KR
2013-07-31,7.3,7.5416403,2008-07-31,2013-06-30,US
2013-08-31,5.84368,5.548837,2008-08-31,2013-07-31,AU
2013-08-31,7.3,7.022106,2008-08-31,2013-07-31,CA
2013-08-31,4.9,4.865817,2008-08-31,2013-07-31,DE
2013-08-31,10.1,10.244962,2008-08-31,2013-07-31,FR
2013-08-31,7.6,7.68785,2008-08-31,2013-07-31,GB
2013-08-31,12.7,11.720536,2008-08-31,2013-07-31,IT
2013-08-31,4.1,4.1885753,2008-08-31,2013-07-31,JP
2013-08-31,3.2,3.799051,2008-08-31,2013-07-31,KR
2013-08-31,7.2,7.3450923,2008-08-31,2013-07-31,US
2013-09-30,5.706468,5.661865,2008-09-30,2013-08-31,AU
2013-09-30,7.1,7.30012,2008-09-30,2013-08-31,CA
2013-09-30,4.9,4.9525456,2008-09-30,2013-08-31,DE
2013-09-30,10.3,10.212747,2008-09-30,2013-08-31,FR
2013-09-30,7.4,7.5573807,2008-09-30,2013-08-31,GB
2013-09-30,12.6,11.954431,2008-09-30,2013-08-31,IT
2013-09-30,3.9,4.2922883,2008-09-30,2013-08-31,JP
2013-09-30,3.0,3.4299998,2008-09-30,2013-08-31,KR
2013-09-30,7.2,7.147239,2008-09-30,2013-08-31,US
2013-10-31,5.823086,5.603179,2008-10-31,2013-09-30,AU
2013-10-31,7.3,7.12835,2008-10-31,2013-09-30,CA
2013-10-31,4.8,4.94946,2008-10-31,2013-09-30,DE
2013-10-31,10.1,10.083207,2008-10-31,2013-09-30,FR
2013-10-31,7.2,7.4020743,2008-10-31,2013-09-30,GB
2013-10-31,12.5,12.075887,2008-10-31,2013-09-30,IT
2013-10-31,4.0,3.9749942,2008-10-31,2013-09-30,JP
2013-10-31,3.1,3.1621604,2008-10-31,2013-09-30,KR
2013-10-31,7.2,7.285977,2008-10-31,2013-09-30,US
2013-11-30,5.796395,5.6888313,2008-11-30,2013-10-31,AU
2013-11-30,7.1,7.271085,2008-11-30,2013-10-31,CA
2013-11-30,4.8,4.924871,2008-11-30,2013-10-31,DE
2013-11-30,10.2,10.432343,2008-11-30,2013-10-31,FR
2013-11-30,7.2,7.2948537,2008-11-30,2013-10-31,GB
2013-11-30,12.5,12.32022,2008-11-30,2013-10-31,IT
2013-11-30,3.9,3.9811318,2008-11-30,2013-10-31,JP
2013-11-30,3.1,3.3075051,2008-11-30,2013-10-31,KR
2013-11-30,6.9,7.089581,2008-11-30,2013-10-31,US
2013-12-31,5.900763,5.6346383,2008-12-31,2013-11-30,AU
2013-12-31,7.4,7.16414,2008-12-31,2013-11-30,CA
2013-12-31,4.8,4.9908853,2008-12-31,2013-11-30,DE
2013-12-31,10.2,10.41202,2008-12-31,2013-11-30,FR
2013-12-31,7.1,7.204356,2008-12-31,2013-11-30,GB
2013-12-31,12.7,11.901086,2008-12-31,2013-11-30,IT
2013-12-31,3.7,3.904314,2008-12-31,2013-11-30,JP
2013-12-31,3.3,3.2612274,2008-12-31,2013-11-30,KR
2013-12-31,6.7,6.905822,2008-12-31,2013-11-30,US
2014-01-31,5.947085,5.7522707,2009-01-31,2013-12-31,AU
2014-01-31,7.3,7.2891164,2009-01-31,2013-12-31,CA
2014-01-31,4.8,4.8145175,2009-01-31,2013-12-31,DE
2014-01-31,10.2,10.201239,2009-01-31,2013-12-31,FR
2014-01-31,6.9,7.2309556,2009-01-31,2013-12-31,GB
2014-01-31,12.9,12.365487,2009-01-31,2013-12-31,IT
2014-01-31,3.7,4.073803,2009-01-31,2013-12-31,JP
2014-01-31,3.3,3.3293877,2009-01-31,2013-12-31,KR
2014-01-31,6.6,6.8530793,2009-01-31,2013-12-31,US
2014-02-28,5.876436,5.894197,2009-02-28,2014-01-31,AU
2014-02-28,7.3,7.248202,2009-02-28,2014-01-31,CA
2014-02-28,4.8,4.785082,2009-02-28,2014-01-31,DE
2014-02-28,10.2,10.197449,2009-02-28,2014-01-31,FR
2014-02-28,6.7,6.867382,2009-02-28,2014-01-31,GB
2014-02-28,12.9,12.6227865,2009-02-28,2014-01-31,IT
2014-02-28,3.6,3.9313874,2009-02-28,2014-01-31,JP
2014-02-28,3.5,3.543298,2009-02-28,2014-01-31,KR
2014-02-28,6.7,6.469937,2009-02-28,2014-01-31,US
2014-03-31,5.875191,5.7780404,2009-03-31,2014-02-28,AU
2014-03-31,7.1,7.138007,2009-03-31,2014-02-28,CA
2014-03-31,4.8,4.835805,2009-03-31,2014-02-28,DE
2014-03-31,10.2,10.23358,2009-03-31,2014-02-28,FR
2014-03-31,6.6,6.7285366,2009-03-31,2014-02-28,GB
2014-03-31,12.7,12.468707,2009-03-31,2014-02-28,IT
2014-03-31,3.7,3.945167,2009-03-31,2014-02-28,JP
2014-03-31,3.4,3.368856,2009-03-31,2014-02-28,KR
2014-03-31,6.7,6.8263206,2009-03-31,2014-02-28,US
2014-04-30,5.80466,5.7800646,2009-04-30,2014-03-31,AU
2014-04-30,7.1,7.002021,2009-04-30,2014-03-31,CA
2014-04-30,4.8,4.8778625,2009-04-30,2014-03-31,DE
2014-04-30,10.1,10.209246,2009-04-30,2014-03-31,FR
2014-04-30,6.4,6.6747947,2009-04-30,2014-03-31,GB
2014-04-30,12.8,12.59646,2009-04-30,2014-03-31,IT
2014-04-30,3.6,3.9301302,2009-04-30,2014-03-31,JP
2014-04-30,3.6,3.2901247,2009-04-30,2014-03-31,KR
2014-04-30,6.2,6.58849,2009-04-30,2014-03-31,US
2014-05-31,5.930003,5.742297,2009-05-31,2014-04-30,AU
2014-05-31,7.3,7.157712,2009-05-31,2014-04-30,CA
2014-05-31,4.7,4.87599,2009-05-31,2014-04-30,DE
2014-05-31,10.1,9.998565,2009-05-31,2014-04-30,FR
2014-05-31,6.3,6.4660153,2009-05-31,2014-04-30,GB
2014-05-31,12.7,12.503315,2009-05-31,2014-04-30,IT
2014-05-31,3.6,4.0415373,2009-05-31,2014-04-30,JP
2014-05-31,3.5,3.4065962,2009-05-31,2014-04-30,KR
2014-05-31,6.3,6.3844585,2009-05-31,2014-04-30,US
2014-06-30,6.048375,5.8283777,2009-06-30,2014-05-31,AU
2014-06-30,7.2,7.076524,2009-06-30,2014-05-31,CA
2014-06-30,4.7,4.5685267,2009-06-30,2014-05-31,DE
2014-06-30,10.2,10.125782,2009-06-30,2014-05-31,FR
2014-06-30,6.1,6.5246897,2009-06-30,2014-05-31,GB
2014-06-30,12.4,12.521423,2009-06-30,2014-05-31,IT
2014-06-30,3.7,3.7630756,2009-06-30,2014-05-31,JP
2014-06-30,3.5,3.4349422,2009-06-30,2014-05-31,KR
2014-06-30,6.1,6.5866475,2009-06-30,2014-05-31,US
2014-07-31,6.171325,5.952703,2009-07-31,2014-06-30,AU
2014-07-31,7.1,7.125563,2009-07-31,2014-06-30,CA
2014-07-31,4.7,4.760931,2009-07-31,2014-06-30,DE
2014-07-31,10.2,10.141597,2009-07-31,2014-06-30,FR
2014-07-31,6.0,6.2701836,2009-07-31,2014-06-30,GB
2014-07-31,13.0,12.678347,2009-07-31,2014-06-30,IT
2014-07-31,3.7,3.8823545,2009-07-31,2014-06-30,JP
2014-07-31,3.5,3.8827457,2009-07-31,2014-06-30,KR
2014-07-31,6.2,6.2460628,2009-07-31,2014-06-30,US
2014-08-31,6.10046,5.905432,2009-08-31,2014-07-31,AU
2014-08-31,7.0,6.909449,2009-08-31,2014-07-31,CA
2014-08-31,4.7,4.6870255,2009-08-31,2014-07-31,DE
2014-08-31,10.2,9.7213545,2009-08-31,2014-07-31,FR
2014-08-31,6.0,6.1533875,2009-08-31,2014-07-31,GB
2014-08-31,12.7,12.367754,2009-08-31,2014-07-31,IT
2014-08-31,3.5,3.644437,2009-08-31,2014-07-31,JP
2014-08-31,3.5,3.4113681,2009-08-31,2014-07-31,KR
2014-08-31,6.1,6.194151,2009-08-31,2014-07-31,US
2014-09-30,6.236833,5.9618287,2009-09-30,2014-08-31,AU
2014-09-30,7.0,7.101065,2009-09-30,2014-08-31,CA
2014-09-30,4.7,4.6345916,2009-09-30,2014-08-31,DE
2014-09-30,10.3,10.190399,2009-09-30,2014-08-31,FR
2014-09-30,5.9,6.169193,2009-09-30,2014-08-31,GB
2014-09-30,12.9,12.628049,2009-09-30,2014-08-31,IT
2014-09-30,3.5,3.9157276,2009-09-30,2014-08-31,JP
2014-09-30,3.5,3.653367,2009-09-30,2014-08-31,KR
2014-09-30,5.9,6.1521482,2009-09-30,2014-08-31,US
2014-10-31,6.357332,5.9670157,2009-10-31,2014-09-30,AU
2014-10-31,6.8,7.079255,2009-10-31,2014-09-30,CA
2014-10-31,4.7,4.8229313,2009-10-31,2014-09-30,DE
2014-10-31,10.4,10.215047,2009-10-31,2014-09-30,FR
2014-10-31,5.9,6.113493,2009-10-31,2014-09-30,GB
2014-10-31,12.9,12.700226,2009-10-31,2014-09-30,IT
2014-10-31,3.6,3.784718,2009-10-31,2014-09-30,JP
2014-10-31,3.6,3.4274404,2009-10-31,2014-09-30,KR
2014-10-31,5.7,6.0640717,2009-10-31,2014-09-30,US
2014-11-30,6.296836,6.0920973,2009-11-30,2014-10-31,AU
2014-11-30,6.8,6.8009667,2009-11-30,2014-10-31,CA
2014-11-30,4.6,4.7528524,2009-11-30,2014-10-31,DE
2014-11-30,10.5,10.71986,2009-11-30,2014-10-31,FR
2014-11-30,5.7,6.1044145,2009-11-30,2014-10-31,GB
2014-11-30,13.1,12.583443,2009-11-30,2014-10-31,IT
2014-11-30,3.4,3.5999444,2009-11-30,2014-10-31,JP
2014-11-30,3.6,3.5136178,2009-11-30,2014-10-31,KR
2014-11-30,5.8,5.5795846,2009-11-30,2014-10-31,US
2014-12-31,6.106007,6.101163,2009-12-31,2014-11-30,AU
2014-12-31,6.7,6.8455324,2009-12-31,2014-11-30,CA
2014-12-31,4.6,4.7589903,2009-12-31,2014-11-30,DE
2014-12-31,10.5,10.446521,2009-12-31,2014-11-30,FR
2014-12-31,5.6,5.953575,2009-12-31,2014-11-30,GB
2014-12-31,12.5,12.204508,2009-12-31,2014-11-30,IT
2014-12-31,3.4,3.451189,2009-12-31,2014-11-30,JP
2014-12-31,3.7,3.7544386,2009-12-31,2014-11-30,KR
2014-12-31,5.6,5.76412,2009-12-31,2014-11-30,US
2015-01-31,6.35161,5.996299,2010-01-31,2014-12-31,AU
2015-01-31,6.8,6.6155276,2010-01-31,2014-12-31,CA
2015-01-31,4.5,4.919299,2010-01-31,2014-12-31,DE
2015-01-31,10.4,10.124966,2010-01-31,2014-12-31,FR
2015-01-31,5.6,5.6816974,2010-01-31,2014-12-31,GB
2015-01-31,12.4,12.25879,2010-01-31,2014-12-31,IT
2015-01-31,3.6,3.529251,2010-01-31,2014-12-31,JP
2015-01-31,3.6,3.4944963,2010-01-31,2014-12-31,KR
2015-01-31,5.7,5.7341757,2010-01-31,2014-12-31,US
2015-02-28,6.153363,6.183877,2010-02-28,2015-01-31,AU
2015-02-28,6.9,6.866151,2010-02-28,2015-01-31,CA
2015-02-28,4.5,4.5998697,2010-02-28,2015-01-31,DE
2015-02-28,10.3,10.277389,2010-02-28,2015-01-31,FR
2015-02-28,5.5,5.6895494,2010-02-28,2015-01-31,GB
2015-02-28,12.3,12.282435,2010-02-28,2015-01-31,IT
2015-02-28,3.5,3.7286093,2010-02-28,2015-01-31,JP
2015-02-28,3.5,3.5734763,2010-02-28,2015-01-31,KR
2015-02-28,5.5,5.845732,2010-02-28,2015-01-31,US
2015-03-31,6.103465,6.1131797,2010-03-31,2015-02-28,AU
2015-03-31,6.9,6.9174943,2010-03-31,2015-02-28,CA
2015-03-31,4.5,4.5492616,2010-03-31,2015-02-28,DE
2015-03-31,10.4,10.354102,2010-03-31,2015-02-28,FR
2015-03-31,5.5,5.643441,2010-03-31,2015-02-28,GB
2015-03-31,12.5,12.495931,2010-03-31,2015-02-28,IT
2015-03-31,3.4,3.4936488,2010-03-31,2015-02-28,JP
2015-03-31,3.5,3.579389,2010-03-31,2015-02-28,KR
2015-03-31,5.4,5.5832543,2010-03-31,2015-02-28,US
2015-04-30,6.112659,6.1521745,2010-04-30,2015-03-31,AU
2015-04-30,7.0,6.867699,2010-04-30,2015-03-31,CA
2015-04-30,4.4,4.5513268,2010-04-30,2015-03-31,DE
2015-04-30,10.4,9.98969,2010-04-30,2015-03-31,FR
2015-04-30,5.6,5.6274676,2010-04-30,2015-03-31,GB
2015-04-30,12.2,12.550222,2010-04-30,2015-03-31,IT
2015-04-30,3.4,3.585987,2010-04-30,2015-03-31,JP
2015-04-30,3.6,3.741197,2010-04-30,2015-03-31,KR
2015-04-30,5.4,5.470182,2010-04-30,2015-03-31,US
2015-05-31,5.931117,6.098663,2010-05-31,2015-04-30,AU
2015-05-31,6.9,6.933362,2010-05-31,2015-04-30,CA
2015-05-31,4.4,4.4892554,2010-05-31,2015-04-30,DE
2015-05-31,10.5,9.974468,2010-05-31,2015-04-30,FR
2015-05-31,5.6,5.6672764,2010-05-31,2015-04-30,GB
2015-05-31,12.3,12.389743,2010-05-31,2015-04-30,IT
2015-05-31,3.3,3.5947988,2010-05-31,2015-04-30,JP
2015-05-31,3.6,3.6101346,2010-05-31,2015-04-30,KR
2015-05-31,5.6,5.4126673,2010-05-31,2015-04-30,US
2015-06-30,6.007611,5.9659057,2010-06-30,2015-05-31,AU
2015-06-30,6.9,6.8439775,2010-06-30,2015-05-31,CA
2015-06-30,4.4,4.4755673,2010-06-30,2015-05-31,DE
2015-06-30,10.4,10.39359,2010-06-30,2015-05-31,FR
2015-06-30,5.5,5.655103,2010-06-30,2015-05-31,GB
2015-06-30,12.3,12.529612,2010-06-30,2015-05-31,IT
2015-06-30,3.4,3.3332644,2010-06-30,2015-05-31,JP
2015-06-30,3.8,4.456018,2010-06-30,2015-05-31,KR
2015-06-30,5.3,5.7380643,2010-06-30,2015-05-31,US
2015-07-31,6.27376,5.9630837,2010-07-31,2015-06-30,AU
2015-07-31,7.0,6.7459297,2010-07-31,2015-06-30,CA
2015-07-31,4.3,4.492689,2010-07-31,2015-06-30,DE
2015-07-31,10.3,10.255223,2010-07-31,2015-06-30,FR
2015-07-31,5.4,5.521074,2010-07-31,2015-06-30,GB
2015-07-31,11.8,12.338833,2010-07-31,2015-06-30,IT
2015-07-31,3.3,3.7262151,2010-07-31,2015-06-30,JP
2015-07-31,3.8,3.73924,2010-07-31,2015-06-30,KR
2015-07-31,5.2,5.390101,2010-07-31,2015-06-30,US
2015-08-31,6.087391,6.195193,2010-08-31,2015-07-31,AU
2015-08-31,7.1,6.8778825,2010-08-31,2015-07-31,CA
2015-08-31,4.3,4.434564,2010-08-31,2015-07-31,DE
2015-08-31,10.3,8.88947,2010-08-31,2015-07-31,FR
2015-08-31,5.3,5.61526,2010-08-31,2015-07-31,GB
2015-08-31,11.8,12.132125,2010-08-31,2015-07-31,IT
2015-08-31,3.4,3.31303,2010-08-31,2015-07-31,JP
2015-08-31,3.6,3.733459,2010-08-31,2015-07-31,KR
2015-08-31,5.1,5.2840776,2010-08-31,2015-07-31,US
2015-09-30,6.174273,6.095036,2010-09-30,2015-08-31,AU
2015-09-30,7.1,7.041949,2010-09-30,2015-08-31,CA
2015-09-30,4.3,4.317906,2010-09-30,2015-08-31,DE
2015-09-30,10.3,9.536703,2010-09-30,2015-08-31,FR
2015-09-30,5.2,5.309119,2010-09-30,2015-08-31,GB
2015-09-30,11.6,11.901442,2010-09-30,2015-08-31,IT
2015-09-30,3.4,3.461035,2010-09-30,2015-08-31,JP
2015-09-30,3.5,3.448036,2010-09-30,2015-08-31,KR
2015-09-30,5.0,5.188133,2010-09-30,2015-08-31,US
2015-10-31,5.912071,6.180733,2010-10-31,2015-09-30,AU
2015-10-31,7.0,7.1531544,2010-10-31,2015-09-30,CA
2015-10-31,4.2,4.3895583,2010-10-31,2015-09-30,DE
2015-10-31,10.3,10.221112,2010-10-31,2015-09-30,FR
2015-10-31,5.1,5.3288794,2010-10-31,2015-09-30,GB
2015-10-31,11.7,12.031051,2010-10-31,2015-09-30,IT
2015-10-31,3.2,3.394357,2010-10-31,2015-09-30,JP
2015-10-31,3.5,3.4367511,2010-10-31,2015-09-30,KR
2015-10-31,5.0,5.128709,2010-10-31,2015-09-30,US
2015-11-30,5.850397,5.940412,2010-11-30,2015-10-31,AU
2015-11-30,7.1,7.0038276,2010-11-30,2015-10-31,CA
2015-11-30,4.2,4.321356,2010-11-30,2015-10-31,DE
2015-11-30,10.3,10.302617,2010-11-30,2015-10-31,FR
2015-11-30,5.1,5.2507567,2010-11-30,2015-10-31,GB
2015-11-30,11.4,10.081339,2010-11-30,2015-10-31,IT
2015-11-30,3.3,3.4574356,2010-11-30,2015-10-31,JP
2015-11-30,3.6,4.460469,2010-11-30,2015-10-31,KR
2015-11-30,5.1,5.131529,2010-11-30,2015-10-31,US
2015-12-31,5.74113,5.863629,2010-12-31,2015-11-30,AU
2015-12-31,7.3,7.0301294,2010-12-31,2015-11-30,CA
2015-12-31,4.2,4.289268,2010-12-31,2015-11-30,DE
2015-12-31,10.2,10.316247,2010-12-31,2015-11-30,FR
2015-12-31,5.1,5.235701,2010-12-31,2015-11-30,GB
2015-12-31,11.7,10.161609,2010-12-31,2015-11-30,IT
2015-12-31,3.3,3.3628838,2010-12-31,2015-11-30,JP
2015-12-31,3.5,4.078556,2010-12-31,2015-11-30,KR
2015-12-31,5.0,5.1005893,2010-12-31,2015-11-30,US
2016-01-31,6.041169,5.829892,2011-01-31,2015-12-31,AU
2016-01-31,7.2,7.0475287,2011-01-31,2015-12-31,CA
2016-01-31,4.1,4.3325934,2011-01-31,2015-12-31,DE
2016-01-31,10.3,10.246721,2011-01-31,2015-12-31,FR
2016-01-31,5.1,5.2199335,2011-01-31,2015-12-31,GB
2016-01-31,11.6,11.874189,2011-01-31,2015-12-31,IT
2016-01-31,3.2,3.5408845,2011-01-31,2015-12-31,JP
2016-01-31,3.6,3.4580698,2011-01-31,2015-12-31,KR
2016-01-31,4.8,5.108863,2011-01-31,2015-12-31,US
2016-02-29,5.694438,6.1218295,2011-02-28,2016-01-31,AU
2016-02-29,7.3,7.0956993,2011-02-28,2016-01-31,CA
2016-02-29,4.1,4.2595577,2011-02-28,2016-01-31,DE
2016-02-29,10.4,10.301493,2011-02-28,2016-01-31,FR
2016-02-29,5.1,5.1063857,2011-02-28,2016-01-31,GB
2016-02-29,11.7,11.770425,2011-02-28,2016-01-31,IT
2016-02-29,3.3,3.4674773,2011-02-28,2016-01-31,JP
2016-02-29,3.8,3.3282006,2011-02-28,2016-01-31,KR
2016-02-29,4.9,4.9563246,2011-02-28,2016-01-31,US
2016-03-31,5.653578,5.663709,2011-03-31,2016-02-29,AU
2016-03-31,7.2,7.1354246,2011-03-31,2016-02-29,CA
2016-03-31,4.0,4.2457623,2011-03-31,2016-02-29,DE
2016-03-31,10.2,10.310735,2011-03-31,2016-02-29,FR
2016-03-31,5.0,5.1878886,2011-03-31,2016-02-29,GB
2016-03-31,11.6,11.7886915,2011-03-31,2016-02-29,IT
2016-03-31,3.2,3.3948004,2011-03-31,2016-02-29,JP
2016-03-31,3.7,3.4870744,2011-03-31,2016-02-29,KR
2016-03-31,5.0,4.9729166,2011-03-31,2016-02-29,US
2016-04-30,5.645434,5.687046,2011-04-30,2016-03-31,AU
2016-04-30,7.3,7.135604,2011-04-30,2016-03-31,CA
2016-04-30,4.0,4.1991024,2011-04-30,2016-03-31,DE
2016-04-30,10.1,10.16135,2011-04-30,2016-03-31,FR
2016-04-30,4.9,5.1343822,2011-04-30,2016-03-31,GB
2016-04-30,11.8,11.770131,2011-04-30,2016-03-31,IT
2016-04-30,3.2,3.6068635,2011-04-30,2016-03-31,JP
2016-04-30,3.6,3.5311365,2011-04-30,2016-03-31,KR
2016-04-30,5.1,5.044467,2011-04-30,2016-03-31,US
2016-05-31,5.72171,5.568509,2011-05-31,2016-04-30,AU
2016-05-31,7.1,7.1780787,2011-05-31,2016-04-30,CA
2016-05-31,4.0,4.10588,2011-05-31,2016-04-30,DE
2016-05-31,10.0,10.201731,2011-05-31,2016-04-30,FR
2016-05-31,4.9,5.064931,2011-05-31,2016-04-30,GB
2016-05-31,11.5,11.50082,2011-05-31,2016-04-30,IT
2016-05-31,3.2,3.348057,2011-05-31,2016-04-30,JP
2016-05-31,3.5,3.508508,2011-05-31,2016-04-30,KR
2016-05-31,4.8,5.1667333,2011-05-31,2016-04-30,US
2016-06-30,5.695338,5.826811,2011-06-30,2016-05-31,AU
2016-06-30,7.0,7.135407,2011-06-30,2016-05-31,CA
2016-06-30,4.0,4.0788474,2011-06-30,2016-05-31,DE
2016-06-30,9.9,10.120617,2011-06-30,2016-05-31,FR
2016-06-30,4.9,5.076891,2011-06-30,2016-05-31,GB
2016-06-30,11.7,11.771003,2011-06-30,2016-05-31,IT
2016-06-30,3.1,3.2938972,2011-06-30,2016-05-31,JP
2016-06-30,3.6,3.6126614,2011-06-30,2016-05-31,KR
2016-06-30,4.9,4.955079,2011-06-30,2016-05-31,US
2016-07-31,5.692999,5.6937532,2011-07-31,2016-06-30,AU
2016-07-31,7.0,6.900704,2011-07-31,2016-06-30,CA
2016-07-31,3.9,4.1539335,2011-07-31,2016-06-30,DE
2016-07-31,9.8,10.01922,2011-07-31,2016-06-30,FR
2016-07-31,5.0,5.0817666,2011-07-31,2016-06-30,GB
2016-07-31,11.7,11.812091,2011-07-31,2016-06-30,IT
2016-07-31,3.0,3.337064,2011-07-31,2016-06-30,JP
2016-07-31,3.6,3.4766533,2011-07-31,2016-06-30,KR
2016-07-31,4.8,5.015505,2011-07-31,2016-06-30,US
2016-08-31,5.614959,5.677045,2011-08-31,2016-07-31,AU
2016-08-31,6.9,6.990169,2011-08-31,2016-07-31,CA
2016-08-31,3.9,4.052826,2011-08-31,2016-07-31,DE
2016-08-31,9.9,9.910042,2011-08-31,2016-07-31,FR
2016-08-31,4.8,5.102543,2011-08-31,2016-07-31,GB
2016-08-31,11.7,11.650855,2011-08-31,2016-07-31,IT
2016-08-31,3.1,3.3639622,2011-08-31,2016-07-31,JP
2016-08-31,3.9,3.8247464,2011-08-31,2016-07-31,KR
2016-08-31,4.9,4.896348,2011-08-31,2016-07-31,US
2016-09-30,5.664861,5.649705,2011-09-30,2016-08-31,AU
2016-09-30,7.0,6.8814006,2011-09-30,2016-08-31,CA
2016-09-30,3.8,3.969029,2011-09-30,2016-08-31,DE
2016-09-30,9.9,9.887412,2011-09-30,2016-08-31,FR
2016-09-30,4.8,4.9924026,2011-09-30,2016-08-31,GB
2016-09-30,11.9,11.581725,2011-09-30,2016-08-31,IT
2016-09-30,3.0,3.2000124,2011-09-30,2016-08-31,JP
2016-09-30,3.9,3.6776838,2011-09-30,2016-08-31,KR
2016-09-30,5.0,4.863893,2011-09-30,2016-08-31,US
2016-10-31,5.596512,5.6499777,2011-10-31,2016-09-30,AU
2016-10-31,6.9,7.0304513,2011-10-31,2016-09-30,CA
2016-10-31,3.7,4.0160704,2011-10-31,2016-09-30,DE
2016-10-31,10.1,9.882372,2011-10-31,2016-09-30,FR
2016-10-31,4.8,4.9524245,2011-10-31,2016-09-30,GB
2016-10-31,11.7,11.637593,2011-10-31,2016-09-30,IT
2016-10-31,3.0,3.1375618,2011-10-31,2016-09-30,JP
2016-10-31,3.8,3.7422998,2011-10-31,2016-09-30,KR
2016-10-31,4.9,4.96585,2011-10-31,2016-09-30,US
2016-11-30,5.767118,5.5534945,2011-11-30,2016-10-31,AU
2016-11-30,6.8,6.874162,2011-11-30,2016-10-31,CA
2016-11-30,3.7,5.227933,2011-11-30,2016-10-31,DE
2016-11-30,10.1,9.457507,2011-11-30,2016-10-31,FR
2016-11-30,4.7,4.936162,2011-11-30,2016-10-31,GB
2016-11-30,11.9,10.423116,2011-11-30,2016-10-31,IT
2016-11-30,3.0,4.009212,2011-11-30,2016-10-31,JP
2016-11-30,3.7,4.9608355,2011-11-30,2016-10-31,KR
2016-11-30,4.7,5.0366893,2011-11-30,2016-10-31,US
2016-12-31,5.836587,5.8065133,2011-12-31,2016-11-30,AU
2016-12-31,6.9,6.711464,2011-12-31,2016-11-30,CA
2016-12-31,3.7,4.245077,2011-12-31,2016-11-30,DE
2016-12-31,10.0,9.687157,2011-12-31,2016-11-30,FR
2016-12-31,4.7,4.9141617,2011-12-31,2016-11-30,GB
2016-12-31,11.8,11.037542,2011-12-31,2016-11-30,IT
2016-12-31,3.0,3.2052352,2011-12-31,2016-11-30,JP
2016-12-31,3.5,4.219236,2011-12-31,2016-11-30,KR
2016-12-31,4.7,4.7783203,2011-12-31,2016-11-30,US
2017-01-31,5.683755,5.831603,2012-01-31,2016-12-31,AU
2017-01-31,6.9,6.886041,2012-01-31,2016-12-31,CA
2017-01-31,3.7,4.002735,2012-01-31,2016-12-31,DE
2017-01-31,9.7,9.95983,2012-01-31,2016-12-31,FR
2017-01-31,4.6,4.8603716,2012-01-31,2016-12-31,GB
2017-01-31,11.7,12.018028,2012-01-31,2016-12-31,IT
2017-01-31,3.0,3.248012,2012-01-31,2016-12-31,JP
2017-01-31,3.5,4.0397997,2012-01-31,2016-12-31,KR
2017-01-31,4.7,5.055569,2012-01-31,2016-12-31,US
2017-02-28,5.893282,5.619567,2012-02-29,2017-01-31,AU
2017-02-28,6.6,6.960223,2012-02-29,2017-01-31,CA
2017-02-28,3.6,3.89676,2012-02-29,2017-01-31,DE
2017-02-28,9.6,9.591739,2012-02-29,2017-01-31,FR
2017-02-28,4.6,4.7591276,2012-02-29,2017-01-31,GB
2017-02-28,11.5,11.783639,2012-02-29,2017-01-31,IT
2017-02-28,2.9,3.0845115,2012-02-29,2017-01-31,JP
2017-02-28,3.9,3.624541,2012-02-29,2017-01-31,KR
2017-02-28,4.6,4.92636,2012-02-29,2017-01-31,US
2017-03-31,5.845982,5.71101,2012-03-31,2017-02-28,AU
2017-03-31,6.7,6.6426873,2012-03-31,2017-02-28,CA
2017-03-31,3.6,3.9306545,2012-03-31,2017-02-28,DE
2017-03-31,9.6,9.757241,2012-03-31,2017-02-28,FR
2017-03-31,4.5,4.649488,2012-03-31,2017-02-28,GB
2017-03-31,11.5,11.653847,2012-03-31,2017-02-28,IT
2017-03-31,2.8,3.1523075,2012-03-31,2017-02-28,JP
2017-03-31,3.6,3.9254222,2012-03-31,2017-02-28,KR
2017-03-31,4.4,4.7052817,2012-03-31,2017-02-28,US
2017-04-30,5.609199,5.7837896,2012-04-30,2017-03-31,AU
2017-04-30,6.5,6.663134,2012-04-30,2017-03-31,CA
2017-04-30,3.6,3.7730505,2012-04-30,2017-03-31,DE
2017-04-30,9.5,9.65298,2012-04-30,2017-03-31,FR
2017-04-30,4.4,4.658679,2012-04-30,2017-03-31,GB
2017-04-30,11.2,11.476339,2012-04-30,2017-03-31,IT
2017-04-30,2.8,3.127741,2012-04-30,2017-03-31,JP
2017-04-30,3.8,3.6984882,2012-04-30,2017-03-31,KR
2017-04-30,4.4,4.4178133,2012-04-30,2017-03-31,US
2017-05-31,5.547534,5.6509423,2012-05-31,2017-04-30,AU
2017-05-31,6.6,6.456447,2012-05-31,2017-04-30,CA
2017-05-31,3.6,3.7506497,2012-05-31,2017-04-30,DE
2017-05-31,9.5,9.113169,2012-05-31,2017-04-30,FR
2017-05-31,4.4,4.6729,2012-05-31,2017-04-30,GB
2017-05-31,11.5,11.368371,2012-05-31,2017-04-30,IT
2017-05-31,3.0,3.0171688,2012-05-31,2017-04-30,JP
2017-05-31,3.5,3.799081,2012-05-31,2017-04-30,KR
2017-05-31,4.4,4.5729756,2012-05-31,2017-04-30,US
2017-06-30,5.622869,5.495745,2012-06-30,2017-05-31,AU
2017-06-30,6.5,6.675883,2012-06-30,2017-05-31,CA
2017-06-30,3.5,3.7288206,2012-06-30,2017-05-31,DE
2017-06-30,9.5,9.692726,2012-06-30,2017-05-31,FR
2017-06-30,4.3,4.567686,2012-06-30,2017-05-31,GB
2017-06-30,11.2,11.509951,2012-06-30,2017-05-31,IT
2017-06-30,2.8,3.24388,2012-06-30,2017-05-31,JP
2017-06-30,3.7,3.8025274,2012-06-30,2017-05-31,KR
2017-06-30,4.3,4.8087406,2012-06-30,2017-05-31,US
2017-07-31,5.605175,5.6038585,2012-07-31,2017-06-30,AU
2017-07-31,6.3,6.4745746,2012-07-31,2017-06-30,CA
2017-07-31,3.5,3.7101073,2012-07-31,2017-06-30,DE
2017-07-31,9.6,9.430047,2012-07-31,2017-06-30,FR
2017-07-31,4.3,4.6544156,2012-07-31,2017-06-30,GB
2017-07-31,11.4,11.440876,2012-07-31,2017-06-30,IT
2017-07-31,2.8,3.0977786,2012-07-31,2017-06-30,JP
2017-07-31,3.6,3.880739,2012-07-31,2017-06-30,KR
2017-07-31,4.3,4.4509797,2012-07-31,2017-06-30,US
2017-08-31,5.529722,5.6152673,2012-08-31,2017-07-31,AU
2017-08-31,6.2,6.249205,2012-08-31,2017-07-31,CA
2017-08-31,3.5,3.6744375,2012-08-31,2017-07-31,DE
2017-08-31,9.5,9.161028,2012-08-31,2017-07-31,FR
2017-08-31,4.3,4.51991,2012-08-31,2017-07-31,GB
2017-08-31,11.5,11.59184,2012-08-31,2017-07-31,IT
2017-08-31,2.8,3.2082946,2012-08-31,2017-07-31,JP
2017-08-31,4.0,3.602164,2012-08-31,2017-07-31,KR
2017-08-31,4.4,4.3734474,2012-08-31,2017-07-31,US
2017-09-30,5.462973,5.6001687,2012-09-30,2017-08-31,AU
2017-09-30,6.2,6.1435194,2012-09-30,2017-08-31,CA
2017-09-30,3.4,3.6733823,2012-09-30,2017-08-31,DE
2017-09-30,9.3,9.674785,2012-09-30,2017-08-31,FR
2017-09-30,4.2,4.4715147,2012-09-30,2017-08-31,GB
2017-09-30,11.2,11.285262,2012-09-30,2017-08-31,IT
2017-09-30,2.8,2.9639785,2012-09-30,2017-08-31,JP
2017-09-30,3.7,3.7338583,2012-09-30,2017-08-31,KR
2017-09-30,4.3,4.466317,2012-09-30,2017-08-31,US
2017-10-31,5.403244,5.3212442,2012-10-31,2017-09-30,AU
2017-10-31,6.3,6.2219186,2012-10-31,2017-09-30,CA
2017-10-31,3.4,3.5686257,2012-10-31,2017-09-30,DE
2017-10-31,9.1,9.160705,2012-10-31,2017-09-30,FR
2017-10-31,4.3,4.343286,2012-10-31,2017-09-30,GB
2017-10-31,11.0,11.603606,2012-10-31,2017-09-30,IT
2017-10-31,2.7,3.000698,2012-10-31,2017-09-30,JP
2017-10-31,3.7,3.7112138,2012-10-31,2017-09-30,KR
2017-10-31,4.2,4.2951956,2012-10-31,2017-09-30,US
2017-11-30,5.454136,5.3211865,2012-11-30,2017-10-31,AU
2017-11-30,6.2,6.148074,2012-11-30,2017-10-31,CA
2017-11-30,3.4,3.5108223,2012-11-30,2017-10-31,DE
2017-11-30,9.0,8.681562,2012-11-30,2017-10-31,FR
2017-11-30,4.4,4.4329596,2012-11-30,2017-10-31,GB
2017-11-30,10.9,11.277971,2012-11-30,2017-10-31,IT
2017-11-30,2.7,2.979404,2012-11-30,2017-10-31,JP
2017-11-30,3.7,4.1502185,2012-11-30,2017-10-31,KR
2017-11-30,4.2,4.2765756,2012-11-30,2017-10-31,US
2017-12-31,5.616885,5.4920673,2012-12-31,2017-11-30,AU
2017-12-31,6.0,6.0463867,2012-12-31,2017-11-30,CA
2017-12-31,3.4,3.643433,2012-12-31,2017-11-30,DE
2017-12-31,9.0,7.9320383,2012-12-31,2017-11-30,FR
2017-12-31,4.3,4.459733,2012-12-31,2017-11-30,GB
2017-12-31,10.9,10.719391,2012-12-31,2017-11-30,IT
2017-12-31,2.7,3.7092092,2012-12-31,2017-11-30,JP
2017-12-31,3.6,4.059847,2012-12-31,2017-11-30,KR
2017-12-31,4.1,4.3191423,2012-12-31,2017-11-30,US
2018-01-31,5.524104,5.561284,2013-01-31,2017-12-31,AU
2018-01-31,5.9,5.926896,2013-01-31,2017-12-31,CA
2018-01-31,3.3,3.4593756,2013-01-31,2017-12-31,DE
2018-01-31,9.2,9.271412,2013-01-31,2017-12-31,FR
2018-01-31,4.2,4.32734,2013-01-31,2017-12-31,GB
2018-01-31,11.0,11.078113,2013-01-31,2017-12-31,IT
2018-01-31,2.4,2.9474683,2013-01-31,2017-12-31,JP
2018-01-31,3.4,4.013357,2013-01-31,2017-12-31,KR
2018-01-31,4.0,4.211187,2013-01-31,2017-12-31,US
2018-02-28,5.581652,5.4546123,2013-02-28,2018-01-31,AU
2018-02-28,6.0,5.8968916,2013-02-28,2018-01-31,CA
2018-02-28,3.3,3.3843255,2013-02-28,2018-01-31,DE
2018-02-28,9.3,9.222426,2013-02-28,2018-01-31,FR
2018-02-28,4.2,4.293006,2013-02-28,2018-01-31,GB
2018-02-28,10.8,10.989056,2013-02-28,2018-01-31,IT
2018-02-28,2.5,2.9313004,2013-02-28,2018-01-31,JP
2018-02-28,3.7,4.012957,2013-02-28,2018-01-31,KR
2018-02-28,4.1,4.0243216,2013-02-28,2018-01-31,US
2018-03-31,5.530407,5.637975,2013-03-31,2018-02-28,AU
2018-03-31,5.8,6.121306,2013-03-31,2018-02-28,CA
2018-03-31,3.3,3.6703613,2013-03-31,2018-02-28,DE
2018-03-31,9.3,9.262671,2013-03-31,2018-02-28,FR
2018-03-31,4.2,4.5274796,2013-03-31,2018-02-28,GB
2018-03-31,10.9,10.950545,2013-03-31,2018-02-28,IT
2018-03-31,2.5,2.8122852,2013-03-31,2018-02-28,JP
2018-03-31,4.0,4.0752163,2013-03-31,2018-02-28,KR
2018-03-31,4.0,4.1712103,2013-03-31,2018-02-28,US
2018-04-30,5.545162,5.640311,2013-04-30,2018-03-31,AU
2018-04-30,5.8,5.8818297,2013-04-30,2018-03-31,CA
2018-04-30,3.2,3.4646103,2013-04-30,2018-03-31,DE
2018-04-30,9.2,9.309118,2013-04-30,2018-03-31,FR
2018-04-30,4.2,4.333278,2013-04-30,2018-03-31,GB
2018-04-30,10.9,11.102844,2013-04-30,2018-03-31,IT
2018-04-30,2.5,2.7736704,2013-04-30,2018-03-31,JP
2018-04-30,3.8,3.7833495,2013-04-30,2018-03-31,KR
2018-04-30,4.0,4.0384283,2013-04-30,2018-03-31,US
2018-05-31,5.436615,5.694291,2013-05-31,2018-04-30,AU
2018-05-31,5.9,5.915128,2013-05-31,2018-04-30,CA
2018-05-31,3.2,3.3409824,2013-05-31,2018-04-30,DE
2018-05-31,9.1,9.262407,2013-05-31,2018-04-30,FR
2018-05-31,4.0,4.288125,2013-05-31,2018-04-30,GB
2018-05-31,10.7,10.875358,2013-05-31,2018-04-30,IT
2018-05-31,2.2,2.724581,2013-05-31,2018-04-30,JP
2018-05-31,3.8,3.9117017,2013-05-31,2018-04-30,KR
2018-05-31,3.8,4.063802,2013-05-31,2018-04-30,US
2018-06-30,5.341984,5.585115,2013-06-30,2018-05-31,AU
2018-06-30,6.0,5.919286,2013-06-30,2018-05-31,CA
2018-06-30,3.2,3.2515545,2013-06-30,2018-05-31,DE
2018-06-30,9.0,9.335422,2013-06-30,2018-05-31,FR
2018-06-30,4.0,4.0852923,2013-06-30,2018-05-31,GB
2018-06-30,10.8,10.723209,2013-06-30,2018-05-31,IT
2018-06-30,2.4,2.561421,2013-06-30,2018-05-31,JP
2018-06-30,3.6,3.7334723,2013-06-30,2018-05-31,KR
2018-06-30,4.0,3.9919302,2013-06-30,2018-05-31,US
2018-07-31,5.29424,5.345667,2013-07-31,2018-06-30,AU
2018-07-31,5.9,5.9083548,2013-07-31,2018-06-30,CA
2018-07-31,3.2,3.2159498,2013-07-31,2018-06-30,DE
2018-07-31,9.0,9.196593,2013-07-31,2018-06-30,FR
2018-07-31,4.0,4.134268,2013-07-31,2018-06-30,GB
2018-07-31,10.4,10.981093,2013-07-31,2018-06-30,IT
2018-07-31,2.5,2.5970821,2013-07-31,2018-06-30,JP
2018-07-31,3.8,3.6162882,2013-07-31,2018-06-30,KR
2018-07-31,3.8,4.008949,2013-07-31,2018-06-30,US
2018-08-31,5.243611,5.2504745,2013-08-31,2018-07-31,AU
2018-08-31,6.0,5.8638206,2013-08-31,2018-07-31,CA
2018-08-31,3.2,3.2496414,2013-08-31,2018-07-31,DE
2018-08-31,8.9,8.988871,2013-08-31,2018-07-31,FR
2018-08-31,4.1,4.1350193,2013-08-31,2018-07-31,GB
2018-08-31,10.3,10.717447,2013-08-31,2018-07-31,IT
2018-08-31,2.5,2.5600038,2013-08-31,2018-07-31,JP
2018-08-31,4.6,3.720125,2013-08-31,2018-07-31,KR
2018-08-31,3.8,3.9038417,2013-08-31,2018-07-31,US
2018-09-30,5.018031,5.239016,2013-09-30,2018-08-31,AU
2018-09-30,5.8,5.9080625,2013-09-30,2018-08-31,CA
2018-09-30,3.1,3.2345886,2013-09-30,2018-08-31,DE
2018-09-30,8.9,8.717838,2013-09-30,2018-08-31,FR
2018-09-30,4.1,4.203772,2013-09-30,2018-08-31,GB
2018-09-30,10.3,10.738389,2013-09-30,2018-08-31,IT
2018-09-30,2.3,3.4565723,2013-09-30,2018-08-31,JP
2018-09-30,4.1,4.4213376,2013-09-30,2018-08-31,KR
2018-09-30,3.7,3.8181632,2013-09-30,2018-08-31,US
2018-10-31,5.001291,5.1177883,2013-10-31,2018-09-30,AU
2018-10-31,5.6,5.864965,2013-10-31,2018-09-30,CA
2018-10-31,3.1,3.3407826,2013-10-31,2018-09-30,DE
2018-10-31,8.8,9.098775,2013-10-31,2018-09-30,FR
2018-10-31,4.0,4.223256,2013-10-31,2018-09-30,GB
2018-10-31,10.6,10.608183,2013-10-31,2018-09-30,IT
2018-10-31,2.4,2.919009,2013-10-31,2018-09-30,JP
2018-10-31,4.0,3.9988925,2013-10-31,2018-09-30,KR
2018-10-31,3.8,3.7389362,2013-10-31,2018-09-30,US
2018-11-30,5.108883,5.069382,2013-11-30,2018-10-31,AU
2018-11-30,5.7,5.7490277,2013-11-30,2018-10-31,CA
2018-11-30,3.1,3.2263188,2013-11-30,2018-10-31,DE
2018-11-30,8.7,8.25393,2013-11-30,2018-10-31,FR
2018-11-30,4.0,4.0883784,2013-11-30,2018-10-31,GB
2018-11-30,10.5,10.816373,2013-11-30,2018-10-31,IT
2018-11-30,2.5,2.5226355,2013-11-30,2018-10-31,JP
2018-11-30,3.9,3.9111125,2013-11-30,2018-10-31,KR
2018-11-30,3.8,3.8148472,2013-11-30,2018-10-31,US
2018-12-31,5.018082,5.1626086,2013-12-31,2018-11-30,AU
2018-12-31,5.6,5.7621017,2013-12-31,2018-11-30,CA
2018-12-31,3.1,3.2256823,2013-12-31,2018-11-30,DE
2018-12-31,8.8,8.091014,2013-12-31,2018-11-30,FR
2018-12-31,3.9,3.900319,2013-12-31,2018-11-30,GB
2018-12-31,10.3,10.590768,2013-12-31,2018-11-30,IT
2018-12-31,2.5,2.5218067,2013-12-31,2018-11-30,JP
2018-12-31,3.7,3.903203,2013-12-31,2018-11-30,KR
2018-12-31,3.9,3.793327,2013-12-31,2018-11-30,US
2019-01-31,5.049368,5.0308766,2014-01-31,2018-12-31,AU
2019-01-31,5.7,5.6903872,2014-01-31,2018-12-31,CA
2019-01-31,3.0,3.0388806,2014-01-31,2018-12-31,DE
2019-01-31,8.8,8.825689,2014-01-31,2018-12-31,FR
2019-01-31,4.0,4.028975,2014-01-31,2018-12-31,GB
2019-01-31,10.3,9.71273,2014-01-31,2018-12-31,IT
2019-01-31,2.5,2.6256337,2014-01-31,2018-12-31,JP
2019-01-31,3.9,3.7859046,2014-01-31,2018-12-31,KR
2019-01-31,4.0,3.9386365,2014-01-31,2018-12-31,US
2019-02-28,4.992832,5.070915,2014-02-28,2019-01-31,AU
2019-02-28,5.8,5.7132597,2014-02-28,2019-01-31,CA
2019-02-28,3.0,3.0249014,2014-02-28,2019-01-31,DE
2019-02-28,8.7,8.847034,2014-02-28,2019-01-31,FR
2019-02-28,3.8,4.110494,2014-02-28,2019-01-31,GB
2019-02-28,10.4,10.191571,2014-02-28,2019-01-31,IT
2019-02-28,2.4,2.5622141,2014-02-28,2019-01-31,JP
2019-02-28,3.8,3.7987516,2014-02-28,2019-01-31,KR
2019-02-28,3.8,3.9741101,2014-02-28,2019-01-31,US
2019-03-31,5.088956,4.899171,2014-03-31,2019-02-28,AU
2019-03-31,5.8,5.859413,2014-03-31,2019-02-28,CA
2019-03-31,3.0,2.9968808,2014-03-31,2019-02-28,DE
2019-03-31,8.7,8.773108,2014-03-31,2019-02-28,FR
2019-03-31,3.8,3.9703124,2014-03-31,2019-02-28,GB
2019-03-31,10.2,10.111281,2014-03-31,2019-02-28,IT
2019-03-31,2.5,2.481491,2014-03-31,2019-02-28,JP
2019-03-31,3.8,3.8457,2014-03-31,2019-02-28,KR
2019-03-31,3.8,3.8445063,2014-03-31,2019-02-28,US
2019-04-30,5.21961,5.0342445,2014-04-30,2019-03-31,AU
2019-04-30,5.7,5.7730236,2014-04-30,2019-03-31,CA
2019-04-30,2.9,3.0626068,2014-04-30,2019-03-31,DE
2019-04-30,8.5,8.843929,2014-04-30,2019-03-31,FR
2019-04-30,3.8,3.88532,2014-04-30,2019-03-31,GB
2019-04-30,10.4,10.001442,2014-04-30,2019-03-31,IT
2019-04-30,2.4,2.5201232,2014-04-30,2019-03-31,JP
2019-04-30,4.0,3.6983619,2014-04-30,2019-03-31,KR
2019-04-30,3.7,3.8309422,2014-04-30,2019-03-31,US
2019-05-31,5.197409,4.930055,2014-05-31,2019-04-30,AU
2019-05-31,5.5,5.787564,2014-05-31,2019-04-30,CA
2019-05-31,2.9,3.020113,2014-05-31,2019-04-30,DE
2019-05-31,8.5,8.166447,2014-05-31,2019-04-30,FR
2019-05-31,3.9,3.840544,2014-05-31,2019-04-30,GB
2019-05-31,10.0,10.60786,2014-05-31,2019-04-30,IT
2019-05-31,2.3,2.456996,2014-05-31,2019-04-30,JP
2019-05-31,3.8,3.8388734,2014-05-31,2019-04-30,KR
2019-05-31,3.6,3.7027602,2014-05-31,2019-04-30,US
2019-06-30,5.259503,4.98771,2014-06-30,2019-05-31,AU
2019-06-30,5.6,5.649714,2014-06-30,2019-05-31,CA
2019-06-30,2.9,2.8996525,2014-06-30,2019-05-31,DE
2019-06-30,8.5,8.616211,2014-06-30,2019-05-31,FR
2019-06-30,3.9,3.9261062,2014-06-30,2019-05-31,GB
2019-06-30,9.6,9.695146,2014-06-30,2019-05-31,IT
2019-06-30,2.3,2.4265635,2014-06-30,2019-05-31,JP
2019-06-30,3.9,3.9172304,2014-06-30,2019-05-31,KR
2019-06-30,3.6,3.7495816,2014-06-30,2019-05-31,US
2019-07-31,5.274817,5.142112,2014-07-31,2019-06-30,AU
2019-07-31,5.7,5.749311,2014-07-31,2019-06-30,CA
2019-07-31,2.9,2.884202,2014-07-31,2019-06-30,DE
2019-07-31,8.4,8.517387,2014-07-31,2019-06-30,FR
2019-07-31,3.9,4.0856414,2014-07-31,2019-06-30,GB
2019-07-31,9.6,9.125846,2014-07-31,2019-06-30,IT
2019-07-31,2.3,2.4198549,2014-07-31,2019-06-30,JP
2019-07-31,4.0,3.9752455,2014-07-31,2019-06-30,KR
2019-07-31,3.7,3.7091043,2014-07-31,2019-06-30,US
2019-08-31,5.257444,5.2207646,2014-08-31,2019-07-31,AU
2019-08-31,5.7,5.6954126,2014-08-31,2019-07-31,CA
2019-08-31,2.9,2.888511,2014-08-31,2019-07-31,DE
2019-08-31,8.3,8.130973,2014-08-31,2019-07-31,FR
2019-08-31,3.9,4.038229,2014-08-31,2019-07-31,GB
2019-08-31,9.5,9.313907,2014-08-31,2019-07-31,IT
2019-08-31,2.3,2.4298582,2014-08-31,2019-07-31,JP
2019-08-31,3.6,4.1875405,2014-08-31,2019-07-31,KR
2019-08-31,3.6,3.7047024,2014-08-31,2019-07-31,US
2019-09-30,5.226007,5.252316,2014-09-30,2019-08-31,AU
2019-09-30,5.6,5.7695374,2014-09-30,2019-08-31,CA
2019-09-30,2.9,2.9164274,2014-09-30,2019-08-31,DE
2019-09-30,8.2,7.8855214,2014-09-30,2019-08-31,FR
2019-09-30,3.8,3.977074,2014-09-30,2019-08-31,GB
2019-09-30,9.8,9.054746,2014-09-30,2019-08-31,IT
2019-09-30,2.4,2.3765028,2014-09-30,2019-08-31,JP
2019-09-30,3.6,3.7049687,2014-09-30,2019-08-31,KR
2019-09-30,3.5,3.736601,2014-09-30,2019-08-31,US
2019-10-31,5.301924,5.073848,2014-10-31,2019-09-30,AU
2019-10-31,5.6,5.6686616,2014-10-31,2019-09-30,CA
2019-10-31,2.9,2.928148,2014-10-31,2019-09-30,DE
2019-10-31,8.2,7.9069233,2014-10-31,2019-09-30,FR
2019-10-31,3.8,3.952305,2014-10-31,2019-09-30,GB
2019-10-31,9.5,9.794996,2014-10-31,2019-09-30,IT
2019-10-31,2.4,2.445577,2014-10-31,2019-09-30,JP
2019-10-31,3.5,3.668208,2014-10-31,2019-09-30,KR
2019-10-31,3.6,3.5922265,2014-10-31,2019-09-30,US
2019-11-30,5.172451,5.330908,2014-11-30,2019-10-31,AU
2019-11-30,5.9,5.652524,2014-11-30,2019-10-31,CA
2019-11-30,3.0,2.9332435,2014-11-30,2019-10-31,DE
2019-11-30,8.2,8.319875,2014-11-30,2019-10-31,FR
2019-11-30,3.7,3.8339791,2014-11-30,2019-10-31,GB
2019-11-30,9.8,9.4696455,2014-11-30,2019-10-31,IT
2019-11-30,2.3,2.401762,2014-11-30,2019-10-31,JP
2019-11-30,3.7,3.8161492,2014-11-30,2019-10-31,KR
2019-11-30,3.6,3.6562865,2014-11-30,2019-10-31,US
2019-12-31,5.039639,5.151785,2014-12-31,2019-11-30,AU
2019-12-31,5.6,5.81975,2014-12-31,2019-11-30,CA
2019-12-31,3.1,3.0035605,2014-12-31,2019-11-30,DE
2019-12-31,8.2,8.301472,2014-12-31,2019-11-30,FR
2019-12-31,3.9,3.778272,2014-12-31,2019-11-30,GB
2019-12-31,9.8,9.769187,2014-12-31,2019-11-30,IT
2019-12-31,2.2,2.4438734,2014-12-31,2019-11-30,JP
2019-12-31,3.5,3.710237,2014-12-31,2019-11-30,KR
2019-12-31,3.6,3.6541069,2014-12-31,2019-11-30,US
2020-01-31,5.248896,5.1335573,2015-01-31,2019-12-31,AU
2020-01-31,5.5,5.724079,2015-01-31,2019-12-31,CA
2020-01-31,3.2,3.101854,2015-01-31,2019-12-31,DE
2020-01-31,8.2,8.2657995,2015-01-31,2019-12-31,FR
2020-01-31,3.9,3.9760442,2015-01-31,2019-12-31,GB
2020-01-31,9.6,9.826669,2015-01-31,2019-12-31,IT
2020-01-31,2.4,2.488352,2015-01-31,2019-12-31,JP
2020-01-31,3.4,3.586932,2015-01-31,2019-12-31,KR
2020-01-31,3.6,3.764158,2015-01-31,2019-12-31,US
2020-02-29,5.113196,5.252299,2015-02-28,2020-01-31,AU
2020-02-29,5.8,5.6680737,2015-02-28,2020-01-31,CA
2020-02-29,3.3,3.3694701,2015-02-28,2020-01-31,DE
2020-02-29,7.8,8.360152,2015-02-28,2020-01-31,FR
2020-02-29,4.1,3.915356,2015-02-28,2020-01-31,GB
2020-02-29,9.5,9.535592,2015-02-28,2020-01-31,IT
2020-02-29,2.4,2.4802704,2015-02-28,2020-01-31,JP
2020-02-29,3.4,3.5348437,2015-02-28,2020-01-31,KR
2020-02-29,3.5,3.7333655,2015-02-28,2020-01-31,US
2020-03-31,5.198636,5.1666965,2015-03-31,2020-02-29,AU
2020-03-31,8.5,5.6924257,2015-03-31,2020-02-29,CA
2020-03-31,3.4,4.034125,2015-03-31,2020-02-29,DE
2020-03-31,7.6,8.093269,2015-03-31,2020-02-29,FR
2020-03-31,4.1,4.1406145,2015-03-31,2020-02-29,GB
2020-03-31,7.6,9.733788,2015-03-31,2020-02-29,IT
2020-03-31,2.5,2.960555,2015-03-31,2020-02-29,JP
2020-03-31,3.9,3.6905437,2015-03-31,2020-02-29,KR
2020-03-31,4.4,3.7311697,2015-03-31,2020-02-29,US
2020-04-30,6.301623,5.313089,2015-04-30,2020-03-31,AU
2020-04-30,13.7,7.439355,2015-04-30,2020-03-31,CA
2020-04-30,3.5,3.7663732,2015-04-30,2020-03-31,DE
2020-04-30,7.6,7.791406,2015-04-30,2020-03-31,FR
2020-04-30,4.1,4.3254104,2015-04-30,2020-03-31,GB
2020-04-30,7.7,7.9050093,2015-04-30,2020-03-31,IT
2020-04-30,2.6,2.664908,2015-04-30,2020-03-31,JP
2020-04-30,3.9,4.0167813,2015-04-30,2020-03-31,KR
2020-04-30,14.8,4.5463862,2015-04-30,2020-03-31,US
2020-05-31,6.991954,6.9250045,2015-05-31,2020-04-30,AU
2020-05-31,14.2,11.070961,2015-05-31,2020-04-30,CA
2020-05-31,3.7,4.2101374,2015-05-31,2020-04-30,DE
2020-05-31,6.9,7.892629,2015-05-31,2020-04-30,FR
2020-05-31,4.1,6.0920005,2015-05-31,2020-04-30,GB
2020-05-31,8.8,8.330754,2015-05-31,2020-04-30,IT
2020-05-31,2.8,3.7812424,2015-05-31,2020-04-30,JP
2020-05-31,4.3,4.1735797,2015-05-31,2020-04-30,KR
2020-05-31,13.2,11.435487,2015-05-31,2020-04-30,US
2020-06-30,7.423463,6.7636905,2015-06-30,2020-05-31,AU
2020-06-30,12.6,11.324393,2015-06-30,2020-05-31,CA
2020-06-30,3.8,3.5674887,2015-06-30,2020-05-31,DE
2020-06-30,7.4,7.655207,2015-06-30,2020-05-31,FR
2020-06-30,4.4,5.1468062,2015-06-30,2020-05-31,GB
2020-06-30,9.5,8.726477,2015-06-30,2020-05-31,IT
2020-06-30,2.8,2.934527,2015-06-30,2020-05-31,JP
2020-06-30,4.2,5.142661,2015-06-30,2020-05-31,KR
2020-06-30,11.0,10.486938,2015-06-30,2020-05-31,US
2020-07-31,7.434264,8.425256,2015-07-31,2020-06-30,AU
2020-07-31,10.9,12.243152,2015-07-31,2020-06-30,CA
2020-07-31,3.8,3.6441286,2015-07-31,2020-06-30,DE
2020-07-31,8.6,8.175574,2015-07-31,2020-06-30,FR
2020-07-31,4.6,6.7290764,2015-07-31,2020-06-30,GB
2020-07-31,10.2,9.71149,2015-07-31,2020-06-30,IT
2020-07-31,2.9,2.6593916,2015-07-31,2020-06-30,JP
2020-07-31,4.2,4.884559,2015-07-31,2020-06-30,KR
2020-07-31,10.2,12.435124,2015-07-31,2020-06-30,US
2020-08-31,6.792851,6.9197927,2015-08-31,2020-07-31,AU
2020-08-31,10.1,10.961275,2015-08-31,2020-07-31,CA
2020-08-31,3.9,3.707726,2015-08-31,2020-07-31,DE
2020-08-31,9.1,9.1137705,2015-08-31,2020-07-31,FR
2020-08-31,5.0,4.152628,2015-08-31,2020-07-31,GB
2020-08-31,10.1,10.602854,2015-08-31,2020-07-31,IT
2020-08-31,3.0,2.5932384,2015-08-31,2020-07-31,JP
2020-08-31,3.9,4.1970277,2015-08-31,2020-07-31,KR
2020-08-31,8.4,9.186357,2015-08-31,2020-07-31,US
2020-09-30,6.923532,6.634211,2015-09-30,2020-08-31,AU
2020-09-30,9.1,9.369196,2015-09-30,2020-08-31,CA
2020-09-30,3.8,3.9717717,2015-09-30,2020-08-31,DE
2020-09-30,9.0,8.909232,2015-09-30,2020-08-31,FR
2020-09-30,5.2,4.6203403,2015-09-30,2020-08-31,GB
2020-09-30,10.0,10.210231,2015-09-30,2020-08-31,IT
2020-09-30,3.0,2.7549124,2015-09-30,2020-08-31,JP
2020-09-30,4.2,4.141411,2015-09-30,2020-08-31,KR
2020-09-30,7.8,7.8672247,2015-09-30,2020-08-31,US
2020-10-31,6.948039,7.023187,2015-10-31,2020-09-30,AU
2020-10-31,9.0,8.832346,2015-10-31,2020-09-30,CA
2020-10-31,3.8,3.76621,2015-10-31,2020-09-30,DE
2020-10-31,8.3,8.831491,2015-10-31,2020-09-30,FR
2020-10-31,5.2,4.9475865,2015-10-31,2020-09-30,GB
2020-10-31,10.0,9.849302,2015-10-31,2020-09-30,IT
2020-10-31,3.1,2.926873,2015-10-31,2020-09-30,JP
2020-10-31,4.3,3.9672878,2015-10-31,2020-09-30,KR
2020-10-31,6.9,7.5830364,2015-10-31,2020-09-30,US
2020-11-30,6.811051,6.9761167,2015-11-30,2020-10-31,AU
2020-11-30,8.6,8.681574,2015-11-30,2020-10-31,CA
2020-11-30,3.8,3.6964474,2015-11-30,2020-10-31,DE
2020-11-30,8.1,8.076014,2015-11-30,2020-10-31,FR
2020-11-30,5.3,5.5656652,2015-11-30,2020-10-31,GB
2020-11-30,9.5,9.799799,2015-11-30,2020-10-31,IT
2020-11-30,3.0,2.900343,2015-11-30,2020-10-31,JP
2020-11-30,4.1,4.196662,2015-11-30,2020-10-31,KR
2020-11-30,6.7,6.9130588,2015-11-30,2020-10-31,US
2020-12-31,6.559897,6.9060783,2015-12-31,2020-11-30,AU
2020-12-31,8.9,9.116955,2015-12-31,2020-11-30,CA
2020-12-31,3.8,3.8143346,2015-12-31,2020-11-30,DE
2020-12-31,7.9,8.14758,2015-12-31,2020-11-30,FR
2020-12-31,5.2,4.924016,2015-12-31,2020-11-30,GB
2020-12-31,9.8,9.297291,2015-12-31,2020-11-30,IT
2020-12-31,3.1,3.080613,2015-12-31,2020-11-30,JP
2020-12-31,4.1,4.2364125,2015-12-31,2020-11-30,KR
2020-12-31,6.7,6.158729,2015-12-31,2020-11-30,US
2021-01-31,6.276704,6.452391,2016-01-31,2020-12-31,AU
2021-01-31,9.2,8.674873,2016-01-31,2020-12-31,CA
2021-01-31,3.9,3.4965873,2016-01-31,2020-12-31,DE
2021-01-31,8.0,8.065514,2016-01-31,2020-12-31,FR
2021-01-31,5.0,5.306036,2016-01-31,2020-12-31,GB
2021-01-31,10.1,9.463511,2016-01-31,2020-12-31,IT
2021-01-31,3.0,3.1166213,2016-01-31,2020-12-31,JP
2021-01-31,4.6,4.6081767,2016-01-31,2020-12-31,KR
2021-01-31,6.4,7.5125465,2016-01-31,2020-12-31,US
2021-02-28,5.847815,6.0156865,2016-02-29,2021-01-31,AU
2021-02-28,8.5,8.956451,2016-02-29,2021-01-31,CA
2021-02-28,3.9,3.8602772,2016-02-29,2021-01-31,DE
2021-02-28,8.2,8.11505,2016-02-29,2021-01-31,FR
2021-02-28,4.9,4.9370112,2016-02-29,2021-01-31,GB
2021-02-28,10.2,10.074211,2016-02-29,2021-01-31,IT
2021-02-28,2.9,3.0542822,2016-02-29,2021-01-31,JP
2021-02-28,4.1,5.6330986,2016-02-29,2021-01-31,KR
2021-02-28,6.2,6.4155326,2016-02-29,2021-01-31,US
2021-03-31,5.674388,5.783847,2016-03-31,2021-02-28,AU
2021-03-31,7.7,8.2031355,2016-03-31,2021-02-28,CA
2021-03-31,3.9,5.135374,2016-03-31,2021-02-28,DE
2021-03-31,8.2,8.327307,2016-03-31,2021-02-28,FR
2021-03-31,4.8,4.875501,2016-03-31,2021-02-28,GB
2021-03-31,10.1,10.089996,2016-03-31,2021-02-28,IT
2021-03-31,2.7,3.0341582,2016-03-31,2021-02-28,JP
2021-03-31,4.0,4.0641,2016-03-31,2021-02-28,KR
2021-03-31,6.1,6.0101523,2016-03-31,2021-02-28,US
2021-04-30,5.464977,5.5195765,2016-04-30,2021-03-31,AU
2021-04-30,8.2,7.6944194,2016-04-30,2021-03-31,CA
2021-04-30,3.8,3.7274919,2016-04-30,2021-03-31,DE
2021-04-30,8.2,8.216297,2016-04-30,2021-03-31,FR
2021-04-30,4.8,4.850357,2016-04-30,2021-03-31,GB
2021-04-30,10.3,10.067274,2016-04-30,2021-03-31,IT
2021-04-30,2.9,2.7713594,2016-04-30,2021-03-31,JP
2021-04-30,3.8,3.876148,2016-04-30,2021-03-31,KR
2021-04-30,6.1,6.328034,2016-04-30,2021-03-31,US
2021-05-31,5.113817,5.599462,2016-05-31,2021-04-30,AU
2021-05-31,8.3,7.603224,2016-05-31,2021-04-30,CA
2021-05-31,3.7,3.6890235,2016-05-31,2021-04-30,DE
2021-05-31,8.0,8.245688,2016-05-31,2021-04-30,FR
2021-05-31,4.7,4.83773,2016-05-31,2021-04-30,GB
2021-05-31,9.9,10.196995,2016-05-31,2021-04-30,IT
2021-05-31,2.9,2.8119771,2016-05-31,2021-04-30,JP
2021-05-31,3.8,3.8133109,2016-05-31,2021-04-30,KR
2021-05-31,5.8,5.871202,2016-05-31,2021-04-30,US
2021-06-30,5.023409,5.130681,2016-06-30,2021-05-31,AU
2021-06-30,7.9,7.87979,2016-06-30,2021-05-31,CA
2021-06-30,3.6,3.5737092,2016-06-30,2021-05-31,DE
2021-06-30,7.9,8.324022,2016-06-30,2021-05-31,FR
2021-06-30,4.6,4.759122,2016-06-30,2021-05-31,GB
2021-06-30,9.5,9.621463,2016-06-30,2021-05-31,IT
2021-06-30,2.9,2.8107603,2016-06-30,2021-05-31,JP
2021-06-30,3.7,3.7474113,2016-06-30,2021-05-31,KR
2021-06-30,5.9,6.08521,2016-06-30,2021-05-31,US
2021-07-31,4.721186,5.0652776,2016-07-31,2021-06-30,AU
2021-07-31,7.4,7.614192,2016-07-31,2021-06-30,CA
2021-07-31,3.5,3.4931605,2016-07-31,2021-06-30,DE
2021-07-31,8.0,8.464313,2016-07-31,2021-06-30,FR
2021-07-31,4.5,4.935874,2016-07-31,2021-06-30,GB
2021-07-31,9.1,9.374441,2016-07-31,2021-06-30,IT
2021-07-31,2.8,2.807034,2016-07-31,2021-06-30,JP
2021-07-31,3.3,3.6409342,2016-07-31,2021-06-30,KR
2021-07-31,5.4,6.083362,2016-07-31,2021-06-30,US
2021-08-31,4.572714,4.7519097,2016-08-31,2021-07-31,AU
2021-08-31,7.1,7.2694497,2016-08-31,2021-07-31,CA
2021-08-31,3.4,3.900635,2016-08-31,2021-07-31,DE
2021-08-31,7.9,8.268897,2016-08-31,2021-07-31,FR
2021-08-31,4.4,4.507889,2016-08-31,2021-07-31,GB
2021-08-31,9.1,9.326219,2016-08-31,2021-07-31,IT
2021-08-31,2.8,2.7467623,2016-08-31,2021-07-31,JP
2021-08-31,3.4,3.3644745,2016-08-31,2021-07-31,KR
2021-08-31,5.1,5.510622,2016-08-31,2021-07-31,US
2021-09-30,4.700182,5.3712463,2016-09-30,2021-08-31,AU
2021-09-30,7.0,7.1365924,2016-09-30,2021-08-31,CA
2021-09-30,3.4,3.3030236,2016-09-30,2021-08-31,DE
2021-09-30,7.7,8.0910425,2016-09-30,2021-08-31,FR
2021-09-30,4.3,4.6487017,2016-09-30,2021-08-31,GB
2021-09-30,9.1,9.238059,2016-09-30,2021-08-31,IT
2021-09-30,2.7,2.5548282,2016-09-30,2021-08-31,JP
2021-09-30,3.1,3.5359573,2016-09-30,2021-08-31,KR
2021-09-30,4.7,5.207753,2016-09-30,2021-08-31,US
2021-10-31,5.235433,4.728117,2016-10-31,2021-09-30,AU
2021-10-31,6.5,7.0139194,2016-10-31,2021-09-30,CA
2021-10-31,3.4,3.3263814,2016-10-31,2021-09-30,DE
2021-10-31,7.5,7.9057035,2016-10-31,2021-09-30,FR
2021-10-31,4.2,4.157342,2016-10-31,2021-09-30,GB
2021-10-31,9.1,9.288505,2016-10-31,2021-09-30,IT
2021-10-31,2.7,2.8699043,2016-10-31,2021-09-30,JP
2021-10-31,3.3,3.1097424,2016-10-31,2021-09-30,KR
2021-10-31,4.5,4.7843328,2016-10-31,2021-09-30,US
2021-11-30,4.633631,5.33694,2016-11-30,2021-10-31,AU
2021-11-30,6.1,6.2837424,2016-11-30,2021-10-31,CA
2021-11-30,3.4,3.3784971,2016-11-30,2021-10-31,DE
2021-11-30,7.4,7.547963,2016-11-30,2021-10-31,FR
2021-11-30,4.2,4.269615,2016-11-30,2021-10-31,GB
2021-11-30,9.1,9.725392,2016-11-30,2021-10-31,IT
2021-11-30,2.8,2.5338597,2016-11-30,2021-10-31,JP
2021-11-30,3.1,3.3268907,2016-11-30,2021-10-31,KR
2021-11-30,4.1,4.6886063,2016-11-30,2021-10-31,US
2021-12-31,4.210193,4.517874,2016-12-31,2021-11-30,AU
2021-12-31,5.9,6.0384517,2016-12-31,2021-11-30,CA
2021-12-31,3.3,3.4699423,2016-12-31,2021-11-30,DE
2021-12-31,7.4,7.4944167,2016-12-31,2021-11-30,FR
2021-12-31,4.1,4.283755,2016-12-31,2021-11-30,GB
2021-12-31,8.9,9.249508,2016-12-31,2021-11-30,IT
2021-12-31,2.7,3.135617,2016-12-31,2021-11-30,JP
2021-12-31,3.2,3.1747432,2016-12-31,2021-11-30,KR
2021-12-31,3.9,4.0336857,2016-12-31,2021-11-30,US
2022-01-31,4.166702,4.6448393,2017-01-31,2021-12-31,AU
2022-01-31,6.4,5.9753976,2017-01-31,2021-12-31,CA
2022-01-31,3.3,3.159407,2017-01-31,2021-12-31,DE
2022-01-31,7.3,7.599095,2017-01-31,2021-12-31,FR
2022-01-31,3.9,4.3299937,2017-01-31,2021-12-31,GB
2022-01-31,8.5,9.491863,2017-01-31,2021-12-31,IT
2022-01-31,2.8,2.7424395,2017-01-31,2021-12-31,JP
2022-01-31,3.2,3.6497874,2017-01-31,2021-12-31,KR
2022-01-31,4.0,4.114234,2017-01-31,2021-12-31,US
2022-02-28,4.032009,4.0567164,2017-02-28,2022-01-31,AU
2022-02-28,5.5,6.0413127,2017-02-28,2022-01-31,CA
2022-02-28,3.2,3.2064738,2017-02-28,2022-01-31,DE
2022-02-28,7.3,7.3299737,2017-02-28,2022-01-31,FR
2022-02-28,3.8,3.8720667,2017-02-28,2022-01-31,GB
2022-02-28,8.3,9.16006,2017-02-28,2022-01-31,IT
2022-02-28,2.7,2.8315554,2017-02-28,2022-01-31,JP
2022-02-28,2.9,3.4315424,2017-02-28,2022-01-31,KR
2022-02-28,3.9,3.9581819,2017-02-28,2022-01-31,US
2022-03-31,3.984333,3.8558753,2017-03-31,2022-02-28,AU
2022-03-31,5.4,5.853842,2017-03-31,2022-02-28,CA
2022-03-31,3.2,2.9958098,2017-03-31,2022-02-28,DE
2022-03-31,7.4,7.410567,2017-03-31,2022-02-28,FR
2022-03-31,3.8,3.791555,2017-03-31,2022-02-28,GB
2022-03-31,8.3,8.399554,2017-03-31,2022-02-28,IT
2022-03-31,2.6,2.699019,2017-03-31,2022-02-28,JP
2022-03-31,2.8,3.234636,2017-03-31,2022-02-28,KR
2022-03-31,3.7,3.8470786,2017-03-31,2022-02-28,US
2022-04-30,3.85153,4.041464,2017-04-30,2022-03-31,AU
2022-04-30,5.4,6.4507923,2017-04-30,2022-03-31,CA
2022-04-30,3.1,3.1264994,2017-04-30,2022-03-31,DE
2022-04-30,7.5,7.6275196,2017-04-30,2022-03-31,FR
2022-04-30,3.7,3.7310486,2017-04-30,2022-03-31,GB
2022-04-30,8.2,8.271878,2017-04-30,2022-03-31,IT
2022-04-30,2.6,2.5868068,2017-04-30,2022-03-31,JP
2022-04-30,2.8,3.0186017,2017-04-30,2022-03-31,KR
2022-04-30,3.7,4.398393,2017-04-30,2022-03-31,US
2022-05-31,3.942165,4.0009384,2017-05-31,2022-04-30,AU
2022-05-31,5.2,5.6398993,2017-05-31,2022-04-30,CA
2022-05-31,3.1,3.040426,2017-05-31,2022-04-30,DE
2022-05-31,7.5,7.572163,2017-05-31,2022-04-30,FR
2022-05-31,3.8,3.7786915,2017-05-31,2022-04-30,GB
2022-05-31,8.1,8.579491,2017-05-31,2022-04-30,IT
2022-05-31,2.6,2.6280282,2017-05-31,2022-04-30,JP
2022-05-31,2.9,3.003866,2017-05-31,2022-04-30,KR
2022-05-31,3.6,3.7643056,2017-05-31,2022-04-30,US
2022-06-30,3.604603,3.9876437,2017-06-30,2022-05-31,AU
2022-06-30,4.9,5.4296384,2017-06-30,2022-05-31,CA
2022-06-30,3.1,3.0921526,2017-06-30,2022-05-31,DE
2022-06-30,7.5,7.5644507,2017-06-30,2022-05-31,FR
2022-06-30,3.6,3.6782434,2017-06-30,2022-05-31,GB
2022-06-30,8.2,8.006017,2017-06-30,2022-05-31,IT
2022-06-30,2.6,2.4870658,2017-06-30,2022-05-31,JP
2022-06-30,2.9,3.049252,2017-06-30,2022-05-31,KR
2022-06-30,3.6,3.673866,2017-06-30,2022-05-31,US
2022-07-31,3.446002,3.7741935,2017-07-31,2022-06-30,AU
2022-07-31,4.8,5.4741945,2017-07-31,2022-06-30,CA
2022-07-31,3.1,3.1504636,2017-07-31,2022-06-30,DE
2022-07-31,7.3,7.675812,2017-07-31,2022-06-30,FR
2022-07-31,3.6,3.6081793,2017-07-31,2022-06-30,GB
2022-07-31,8.0,8.468312,2017-07-31,2022-06-30,IT
2022-07-31,2.5,2.555455,2017-07-31,2022-06-30,JP
2022-07-31,3.0,2.8889675,2017-07-31,2022-06-30,KR
2022-07-31,3.5,3.6743343,2017-07-31,2022-06-30,US
2022-08-31,3.526324,3.6275444,2017-08-31,2022-07-31,AU
2022-08-31,5.2,5.1950946,2017-08-31,2022-07-31,CA
2022-08-31,3.1,3.1334522,2017-08-31,2022-07-31,DE
2022-08-31,7.2,7.476765,2017-08-31,2022-07-31,FR
2022-08-31,3.7,3.5223389,2017-08-31,2022-07-31,GB
2022-08-31,8.1,8.436395,2017-08-31,2022-07-31,IT
2022-08-31,2.5,2.4604023,2017-08-31,2022-07-31,JP
2022-08-31,2.8,3.2500463,2017-08-31,2022-07-31,KR
2022-08-31,3.6,3.5868332,2017-08-31,2022-07-31,US
2022-09-30,3.59594,3.6831977,2017-09-30,2022-08-31,AU
2022-09-30,5.1,5.427981,2017-09-30,2022-08-31,CA
2022-09-30,3.1,3.085075,2017-09-30,2022-08-31,DE
2022-09-30,7.1,7.473325,2017-09-30,2022-08-31,FR
2022-09-30,3.8,3.8172932,2017-09-30,2022-08-31,GB
2022-09-30,8.0,8.335401,2017-09-30,2022-08-31,IT
2022-09-30,2.6,2.4997733,2017-09-30,2022-08-31,JP
2022-09-30,2.9,2.9406443,2017-09-30,2022-08-31,KR
2022-09-30,3.5,3.9059196,2017-09-30,2022-08-31,US
2022-10-31,3.435673,3.5358415,2017-10-31,2022-09-30,AU
2022-10-31,5.1,5.1433363,2017-10-31,2022-09-30,CA
2022-10-31,3.1,3.0356154,2017-10-31,2022-09-30,DE
2022-10-31,7.2,7.2583885,2017-10-31,2022-09-30,FR
2022-10-31,3.9,3.8024082,2017-10-31,2022-09-30,GB
2022-10-31,7.8,8.274896,2017-10-31,2022-09-30,IT
2022-10-31,2.6,2.6145241,2017-10-31,2022-09-30,JP
2022-10-31,2.9,2.9527283,2017-10-31,2022-09-30,KR
2022-10-31,3.6,3.5484555,2017-10-31,2022-09-30,US
2022-11-30,3.516584,3.5037928,2017-11-30,2022-10-31,AU
2022-11-30,5.0,5.0310564,2017-11-30,2022-10-31,CA
2022-11-30,3.1,3.1529691,2017-11-30,2022-10-31,DE
2022-11-30,7.1,7.269299,2017-11-30,2022-10-31,FR
2022-11-30,3.9,3.829877,2017-11-30,2022-10-31,GB
2022-11-30,7.8,8.337387,2017-11-30,2022-10-31,IT
2022-11-30,2.5,2.5713546,2017-11-30,2022-10-31,JP
2022-11-30,2.8,2.9648168,2017-11-30,2022-10-31,KR
2022-11-30,3.6,3.6368272,2017-11-30,2022-10-31,US
2022-12-31,3.526499,3.5699413,2017-12-31,2022-11-30,AU
2022-12-31,5.0,5.0510364,2017-12-31,2022-11-30,CA
2022-12-31,3.1,3.3579795,2017-12-31,2022-11-30,DE
2022-12-31,7.2,7.308693,2017-12-31,2022-11-30,FR
2022-12-31,3.9,3.855644,2017-12-31,2022-11-30,GB
2022-12-31,7.9,8.410322,2017-12-31,2022-11-30,IT
2022-12-31,2.5,2.5470738,2017-12-31,2022-11-30,JP
2022-12-31,2.7,2.7845912,2017-12-31,2022-11-30,KR
2022-12-31,3.5,3.6714723,2017-12-31,2022-11-30,US
2023-01-31,3.661857,3.6167953,2018-01-31,2022-12-31,AU
2023-01-31,5.1,5.3203144,2018-01-31,2022-12-31,CA
2023-01-31,3.1,3.0757775,2018-01-31,2022-12-31,DE
2023-01-31,7.1,7.131455,2018-01-31,2022-12-31,FR
2023-01-31,4.0,3.8086631,2018-01-31,2022-12-31,GB
2023-01-31,7.9,8.170344,2018-01-31,2022-12-31,IT
2023-01-31,2.5,2.564217,2018-01-31,2022-12-31,JP
2023-01-31,2.7,2.685957,2018-01-31,2022-12-31,KR
2023-01-31,3.5,3.5066392,2018-01-31,2022-12-31,US
2023-02-28,3.61105,3.6045408,2018-02-28,2023-01-31,AU
2023-02-28,5.2,4.7436223,2018-02-28,2023-01-31,CA
2023-02-28,3.0,3.1090257,2018-02-28,2023-01-31,DE
2023-02-28,7.1,7.1559796,2018-02-28,2023-01-31,FR
2023-02-28,4.0,3.8310292,2018-02-28,2023-01-31,GB
2023-02-28,7.8,7.556038,2018-02-28,2023-01-31,IT
2023-02-28,2.6,2.4885237,2018-02-28,2023-01-31,JP
2023-02-28,2.7,2.751561,2018-02-28,2023-01-31,KR
2023-02-28,3.6,3.5364208,2018-02-28,2023-01-31,US
2023-03-31,3.59653,3.7218153,2018-03-31,2023-02-28,AU
2023-03-31,5.1,5.537048,2018-03-31,2023-02-28,CA
2023-03-31,3.0,3.0334444,2018-03-31,2023-02-28,DE
2023-03-31,7.1,7.083767,2018-03-31,2023-02-28,FR
2023-03-31,3.9,3.848245,2018-03-31,2023-02-28,GB
2023-03-31,7.9,7.9792223,2018-03-31,2023-02-28,IT
2023-03-31,2.7,2.676118,2018-03-31,2023-02-28,JP
2023-03-31,2.7,2.8189433,2018-03-31,2023-02-28,KR
2023-03-31,3.5,3.5770428,2018-03-31,2023-02-28,US
2023-04-30,3.703707,3.7085526,2018-04-30,2023-03-31,AU
2023-04-30,5.1,5.33529,2018-04-30,2023-03-31,CA
2023-04-30,3.0,3.0741363,2018-04-30,2023-03-31,DE
2023-04-30,7.3,7.144487,2018-04-30,2023-03-31,FR
2023-04-30,4.0,3.8893793,2018-04-30,2023-03-31,GB
2023-04-30,7.9,8.249897,2018-04-30,2023-03-31,IT
2023-04-30,2.6,2.6424184,2018-04-30,2023-03-31,JP
2023-04-30,2.6,2.744225,2018-04-30,2023-03-31,KR
2023-04-30,3.4,3.565032,2018-04-30,2023-03-31,US
2023-05-31,3.590103,3.7971716,2018-05-31,2023-04-30,AU
2023-05-31,5.2,5.271453,2018-05-31,2023-04-30,CA
2023-05-31,3.0,3.0076942,2018-05-31,2023-04-30,DE
2023-05-31,7.3,7.2750387,2018-05-31,2023-04-30,FR
2023-05-31,4.2,3.8844495,2018-05-31,2023-04-30,GB
2023-05-31,7.8,7.9623637,2018-05-31,2023-04-30,IT
2023-05-31,2.5,2.5265105,2018-05-31,2023-04-30,JP
2023-05-31,2.5,3.1535535,2018-05-31,2023-04-30,KR
2023-05-31,3.6,3.4690804,2018-05-31,2023-04-30,US
2023-06-30,3.518124,3.609231,2018-06-30,2023-05-31,AU
2023-06-30,5.4,5.2894335,2018-06-30,2023-05-31,CA
2023-06-30,3.0,3.0370753,2018-06-30,2023-05-31,DE
2023-06-30,7.3,7.2258215,2018-06-30,2023-05-31,FR
2023-06-30,4.4,4.1304564,2018-06-30,2023-05-31,GB
2023-06-30,7.5,8.055191,2018-06-30,2023-05-31,IT
2023-06-30,2.5,2.4610174,2018-06-30,2023-05-31,JP
2023-06-30,2.6,3.6622162,2018-06-30,2023-05-31,KR
2023-06-30,3.6,3.5953813,2018-06-30,2023-05-31,US
2023-07-31,3.711599,3.594545,2018-07-31,2023-06-30,AU
2023-07-31,5.4,5.563343,2018-07-31,2023-06-30,CA
2023-07-31,3.0,2.922973,2018-07-31,2023-06-30,DE
2023-07-31,7.4,7.231804,2018-07-31,2023-06-30,FR
2023-07-31,4.3,4.5455637,2018-07-31,2023-06-30,GB
2023-07-31,7.8,7.727433,2018-07-31,2023-06-30,IT
2023-07-31,2.6,2.5096447,2018-07-31,2023-06-30,JP
2023-07-31,2.9,2.461124,2018-07-31,2023-06-30,KR
2023-07-31,3.5,3.543985,2018-07-31,2023-06-30,US
2023-08-31,3.678611,3.7721817,2018-08-31,2023-07-31,AU
2023-08-31,5.4,5.3815846,2018-08-31,2023-07-31,CA
2023-08-31,3.1,2.964858,2018-08-31,2023-07-31,DE
2023-08-31,7.4,7.603648,2018-08-31,2023-07-31,FR
2023-08-31,4.1,4.0450277,2018-08-31,2023-07-31,GB
2023-08-31,7.6,7.784992,2018-08-31,2023-07-31,IT
2023-08-31,2.6,2.699931,2018-08-31,2023-07-31,JP
2023-08-31,2.7,2.8979642,2018-08-31,2023-07-31,KR
2023-08-31,3.7,3.563625,2018-08-31,2023-07-31,US
2023-09-30,3.556344,3.7520733,2018-09-30,2023-08-31,AU
2023-09-30,5.5,5.5133066,2018-09-30,2023-08-31,CA
2023-09-30,3.1,3.098468,2018-09-30,2023-08-31,DE
2023-09-30,7.4,7.368315,2018-09-30,2023-08-31,FR
2023-09-30,4.0,4.0456033,2018-09-30,2023-08-31,GB
2023-09-30,7.7,7.789747,2018-09-30,2023-08-31,IT
2023-09-30,2.6,2.598875,2018-09-30,2023-08-31,JP
2023-09-30,2.8,3.0270321,2018-09-30,2023-08-31,KR
2023-09-30,3.7,3.7781696,2018-09-30,2023-08-31,US
2023-10-31,3.778222,3.688937,2018-10-31,2023-09-30,AU
2023-10-31,5.7,5.3936653,2018-10-31,2023-09-30,CA
2023-10-31,3.1,3.0513587,2018-10-31,2023-09-30,DE
2023-10-31,7.5,7.3527565,2018-10-31,2023-09-30,FR
2023-10-31,4.0,3.9178855,2018-10-31,2023-09-30,GB
2023-10-31,7.7,7.879364,2018-10-31,2023-09-30,IT
2023-10-31,2.5,2.555495,2018-10-31,2023-09-30,JP
2023-10-31,2.6,2.6003747,2018-10-31,2023-09-30,KR
2023-10-31,3.9,3.651202,2018-10-31,2023-09-30,US
2023-11-30,3.932314,3.704073,2018-11-30,2023-10-31,AU
2023-11-30,5.8,5.0835614,2018-11-30,2023-10-31,CA
2023-11-30,3.2,3.0782738,2018-11-30,2023-10-31,DE
2023-11-30,7.6,7.4320803,2018-11-30,2023-10-31,FR
2023-11-30,3.9,3.9257367,2018-11-30,2023-10-31,GB
2023-11-30,7.5,7.7105227,2018-11-30,2023-10-31,IT
2023-11-30,2.6,2.5726619,2018-11-30,2023-10-31,JP
2023-11-30,2.8,2.4344966,2018-11-30,2023-10-31,KR
2023-11-30,3.7,3.859862,2018-11-30,2023-10-31,US
2023-12-31,3.987057,3.8529074,2018-12-31,2023-11-30,AU
2023-12-31,5.8,5.667472,2018-12-31,2023-11-30,CA
2023-12-31,3.2,3.175533,2018-12-31,2023-11-30,DE
2023-12-31,7.6,7.4098625,2018-12-31,2023-11-30,FR
2023-12-31,4.1,3.8836212,2018-12-31,2023-11-30,GB
2023-12-31,7.1,7.769059,2018-12-31,2023-11-30,IT
2023-12-31,2.5,2.599078,2018-12-31,2023-11-30,JP
2023-12-31,2.8,2.9098465,2018-12-31,2023-11-30,KR
2023-12-31,3.8,3.6869428,2018-12-31,2023-11-30,US
2024-01-31,4.092523,3.9103298,2019-01-31,2023-12-31,AU
2024-01-31,5.7,5.855054,2019-01-31,2023-12-31,CA
2024-01-31,3.2,3.1222117,2019-01-31,2023-12-31,DE
2024-01-31,7.6,7.4417725,2019-01-31,2023-12-31,FR
2024-01-31,4.2,3.9601934,2019-01-31,2023-12-31,GB
2024-01-31,7.1,7.5678515,2019-01-31,2023-12-31,IT
2024-01-31,2.5,2.5002384,2019-01-31,2023-12-31,JP
2024-01-31,2.8,3.4261944,2019-01-31,2023-12-31,KR
2024-01-31,3.7,3.7914479,2019-01-31,2023-12-31,US
2024-02-29,3.741341,3.9845617,2019-02-28,2024-01-31,AU
2024-02-29,5.9,5.6652374,2019-02-28,2024-01-31,CA
2024-02-29,3.2,3.2269413,2019-02-28,2024-01-31,DE
2024-02-29,7.5,7.543694,2019-02-28,2024-01-31,FR
2024-02-29,4.3,4.1753926,2019-02-28,2024-01-31,GB
2024-02-29,7.3,7.497532,2019-02-28,2024-01-31,IT
2024-02-29,2.6,2.5756032,2019-02-28,2024-01-31,JP
2024-02-29,2.7,3.481206,2019-02-28,2024-01-31,KR
2024-02-29,3.9,3.7504215,2019-02-28,2024-01-31,US
2024-03-31,3.90005,3.9136548,2019-03-31,2024-02-29,AU
2024-03-31,6.1,5.7370987,2019-03-31,2024-02-29,CA
2024-03-31,3.3,3.0959458,2019-03-31,2024-02-29,DE
2024-03-31,7.4,7.56874,2019-03-31,2024-02-29,FR
2024-03-31,4.4,4.268558,2019-03-31,2024-02-29,GB
2024-03-31,6.9,7.3925886,2019-03-31,2024-02-29,IT
2024-03-31,2.6,2.5714257,2019-03-31,2024-02-29,JP
2024-03-31,2.8,3.112646,2019-03-31,2024-02-29,KR
2024-03-31,3.9,3.831599,2019-03-31,2024-02-29,US
2024-04-30,4.081468,3.9182754,2019-04-30,2024-03-31,AU
2024-04-30,6.2,6.209534,2019-04-30,2024-03-31,CA
2024-04-30,3.4,3.1981444,2019-04-30,2024-03-31,DE
2024-04-30,7.4,7.438413,2019-04-30,2024-03-31,FR
2024-04-30,4.4,4.57108,2019-04-30,2024-03-31,GB
2024-04-30,6.8,7.2898993,2019-04-30,2024-03-31,IT
2024-04-30,2.6,2.6101525,2019-04-30,2024-03-31,JP
2024-04-30,2.8,3.1780136,2019-04-30,2024-03-31,KR
2024-04-30,3.9,3.9048185,2019-04-30,2024-03-31,US
2024-05-31,4.005112,3.9656384,2019-05-31,2024-04-30,AU
2024-05-31,6.3,6.2126646,2019-05-31,2024-04-30,CA
2024-05-31,3.4,3.356247,2019-05-31,2024-04-30,DE
2024-05-31,7.4,7.36629,2019-05-31,2024-04-30,FR
2024-05-31,4.2,4.4620886,2019-05-31,2024-04-30,GB
2024-05-31,6.5,6.9045744,2019-05-31,2024-04-30,IT
2024-05-31,2.6,2.715456,2019-05-31,2024-04-30,JP
2024-05-31,2.8,2.8621593,2019-05-31,2024-04-30,KR
2024-05-31,3.9,3.9085605,2019-05-31,2024-04-30,US
2024-06-30,4.033387,3.853336,2019-06-30,2024-05-31,AU
2024-06-30,6.4,6.294782,2019-06-30,2024-05-31,CA
2024-06-30,3.4,3.6197886,2019-06-30,2024-05-31,DE
2024-06-30,7.5,7.609226,2019-06-30,2024-05-31,FR
2024-06-30,4.2,4.2597013,2019-06-30,2024-05-31,GB
2024-06-30,6.7,6.582427,2019-06-30,2024-05-31,IT
2024-06-30,2.5,2.5565326,2019-06-30,2024-05-31,JP
2024-06-30,2.8,3.0637243,2019-06-30,2024-05-31,KR
2024-06-30,4.1,3.9360244,2019-06-30,2024-05-31,US
2024-07-31,4.191932,3.9176445,2019-07-31,2024-06-30,AU
2024-07-31,6.4,6.2103844,2019-07-31,2024-06-30,CA
2024-07-31,3.4,3.345645,2019-07-31,2024-06-30,DE
2024-07-31,7.5,7.0600977,2019-07-31,2024-06-30,FR
2024-07-31,4.1,4.19218,2019-07-31,2024-06-30,GB
2024-07-31,6.4,6.864264,2019-07-31,2024-06-30,IT
2024-07-31,2.7,3.0310662,2019-07-31,2024-06-30,JP
2024-07-31,2.7,2.882225,2019-07-31,2024-06-30,KR
2024-07-31,4.2,4.031174,2019-07-31,2024-06-30,US
2024-08-31,4.125323,4.0732303,2019-08-31,2024-07-31,AU
2024-08-31,6.6,6.173339,2019-08-31,2024-07-31,CA
2024-08-31,3.4,3.4061642,2019-08-31,2024-07-31,DE
2024-08-31,7.5,7.234719,2019-08-31,2024-07-31,FR
2024-08-31,4.3,4.114366,2019-08-31,2024-07-31,GB
2024-08-31,6.4,6.790876,2019-08-31,2024-07-31,IT
2024-08-31,2.5,2.966342,2019-08-31,2024-07-31,JP
2024-08-31,2.6,3.4215019,2019-08-31,2024-07-31,KR
2024-08-31,4.2,4.1696935,2019-08-31,2024-07-31,US
2024-09-30,4.012471,4.050927,2019-09-30,2024-08-31,AU
2024-09-30,6.5,6.3275948,2019-09-30,2024-08-31,CA
2024-09-30,3.4,3.4239917,2019-09-30,2024-08-31,DE
2024-09-30,7.5,7.347966,2019-09-30,2024-08-31,FR
2024-09-30,4.2,4.2425604,2019-09-30,2024-08-31,GB
2024-09-30,6.1,6.6881742,2019-09-30,2024-08-31,IT
2024-09-30,2.4,2.6761067,2019-09-30,2024-08-31,JP
2024-09-30,2.6,3.4004207,2019-09-30,2024-08-31,KR
2024-09-30,4.1,4.20957,2019-09-30,2024-08-31,US
2024-10-31,4.090812,4.03644,2019-10-31,2024-09-30,AU
2024-10-31,6.6,6.4807982,2019-10-31,2024-09-30,CA
2024-10-31,3.4,3.3806894,2019-10-31,2024-09-30,DE
2024-10-31,7.4,7.3996415,2019-10-31,2024-09-30,FR
2024-10-31,4.4,4.253884,2019-10-31,2024-09-30,GB
2024-10-31,6.1,6.596425,2019-10-31,2024-09-30,IT
2024-10-31,2.5,2.708078,2019-10-31,2024-09-30,JP
2024-10-31,2.8,2.8660748,2019-10-31,2024-09-30,KR
2024-10-31,4.1,3.9786947,2019-10-31,2024-09-30,US
2024-11-30,3.93646,3.9571216,2019-11-30,2024-10-31,AU
2024-11-30,7.0,6.3068876,2019-11-30,2024-10-31,CA
2024-11-30,3.4,3.5544922,2019-11-30,2024-10-31,DE
2024-11-30,7.4,7.4020567,2019-11-30,2024-10-31,FR
2024-11-30,4.4,4.3714457,2019-11-30,2024-10-31,GB
2024-11-30,6.2,6.3419285,2019-11-30,2024-10-31,IT
2024-11-30,2.5,2.512426,2019-11-30,2024-10-31,JP
2024-11-30,2.8,3.2022057,2019-11-30,2024-10-31,KR
2024-11-30,4.2,3.8839633,2019-11-30,2024-10-31,US
2024-12-31,3.998586,3.8009725,2019-12-31,2024-11-30,AU
2024-12-31,6.7,6.758881,2019-12-31,2024-11-30,CA
2024-12-31,3.5,3.4505513,2019-12-31,2024-11-30,DE
2024-12-31,7.3,7.3603134,2019-12-31,2024-11-30,FR
2024-12-31,4.4,4.312217,2019-12-31,2024-11-30,GB
2024-12-31,6.4,6.422163,2019-12-31,2024-11-30,IT
2024-12-31,2.5,2.5138807,2019-12-31,2024-11-30,JP
2024-12-31,3.1,3.310563,2019-12-31,2024-11-30,KR
2024-12-31,4.1,4.295083,2019-12-31,2024-11-30,US
2025-01-31,4.126966,3.9094179,2020-01-31,2024-12-31,AU
2025-01-31,6.7,6.4671216,2020-01-31,2024-12-31,CA
2025-01-31,3.5,3.3963053,2020-01-31,2024-12-31,DE
2025-01-31,7.3,7.34667,2020-01-31,2024-12-31,FR
2025-01-31,4.5,4.349578,2020-01-31,2024-12-31,GB
2025-01-31,6.5,6.4503446,2020-01-31,2024-12-31,IT
2025-01-31,2.5,2.5092757,2020-01-31,2024-12-31,JP
2025-01-31,2.8,3.7473032,2020-01-31,2024-12-31,KR
2025-01-31,4.0,4.00544,2020-01-31,2024-12-31,US
2025-02-28,4.074125,4.0594625,2020-02-29,2025-01-31,AU
2025-02-28,6.6,6.314978,2020-02-29,2025-01-31,CA
2025-02-28,3.6,3.412702,2020-02-29,2025-01-31,DE
2025-02-28,7.5,7.2706275,2020-02-29,2025-01-31,FR
2025-02-28,4.6,4.475959,2020-02-29,2025-01-31,GB
2025-02-28,6.1,6.4551826,2020-02-29,2025-01-31,IT
2025-02-28,2.4,2.540978,2020-02-29,2025-01-31,JP
2025-02-28,2.8,2.828103,2020-02-29,2025-01-31,KR
2025-02-28,4.2,3.9512541,2020-02-29,2025-01-31,US
2025-03-31,4.082637,4.0647216,2020-03-31,2025-02-28,AU
2025-03-31,6.8,6.415745,2020-03-31,2025-02-28,CA
2025-03-31,3.6,3.4730093,2020-03-31,2025-02-28,DE
2025-03-31,7.6,7.5009747,2020-03-31,2025-02-28,FR
2025-03-31,4.6,4.502008,2020-03-31,2025-02-28,GB
2025-03-31,6.3,6.289912,2020-03-31,2025-02-28,IT
2025-03-31,2.5,2.4835997,2020-03-31,2025-02-28,JP
2025-03-31,2.8,2.870235,2020-03-31,2025-02-28,KR
2025-03-31,4.2,4.125284,2020-03-31,2025-02-28,US
2025-04-30,4.054703,4.069937,2020-04-30,2025-03-31,AU
2025-04-30,6.9,6.7091823,2020-04-30,2025-03-31,CA
2025-04-30,3.7,3.4989703,2020-04-30,2025-03-31,DE
2025-04-30,7.5,7.542364,2020-04-30,2025-03-31,FR
2025-04-30,4.7,4.595176,2020-04-30,2025-03-31,GB
2025-04-30,6.2,6.6289783,2020-04-30,2025-03-31,IT
2025-04-30,2.5,2.487695,2020-04-30,2025-03-31,JP
2025-04-30,2.7,2.668113,2020-04-30,2025-03-31,KR
2025-04-30,4.2,4.2093506,2020-04-30,2025-03-31,US
2025-05-31,4.101358,4.081948,2020-05-31,2025-04-30,AU
2025-05-31,7.0,6.9537916,2020-05-31,2025-04-30,CA
2025-05-31,3.7,3.6636245,2020-05-31,2025-04-30,DE
2025-05-31,7.6,7.58733,2020-05-31,2025-04-30,FR
2025-05-31,4.7,4.728422,2020-05-31,2025-04-30,GB
2025-05-31,6.4,6.560745,2020-05-31,2025-04-30,IT
2025-05-31,2.5,2.5258875,2020-05-31,2025-04-30,JP
2025-05-31,2.7,3.720822,2020-05-31,2025-04-30,KR
2025-05-31,4.3,4.2480683,2020-05-31,2025-04-30,US
2025-06-30,4.317864,4.12966,2020-06-30,2025-05-31,AU
2025-06-30,6.9,6.9738574,2020-06-30,2025-05-31,CA
2025-06-30,3.7,3.9115927,2020-06-30,2025-05-31,DE
2025-06-30,7.7,7.7257824,2020-06-30,2025-05-31,FR
2025-06-30,4.7,4.6897297,2020-06-30,2025-05-31,GB
2025-06-30,5.9,6.31911,2020-06-30,2025-05-31,IT
2025-06-30,2.5,2.5591652,2020-06-30,2025-05-31,JP
2025-06-30,2.7,3.0610514,2020-06-30,2025-05-31,KR
2025-06-30,4.1,4.2684903,2020-06-30,2025-05-31,US
2025-07-31,4.235744,4.231245,2020-07-31,2025-06-30,AU
2025-07-31,6.9,6.748766,2020-07-31,2025-06-30,CA
2025-07-31,3.8,3.6670883,2020-07-31,2025-06-30,DE
2025-07-31,7.7,7.6042824,2020-07-31,2025-06-30,FR
2025-07-31,4.8,4.691814,2020-07-31,2025-06-30,GB
2025-07-31,6.0,6.060512,2020-07-31,2025-06-30,IT
2025-07-31,2.4,2.5905302,2020-07-31,2025-06-30,JP
2025-07-31,2.7,2.7567868,2020-07-31,2025-06-30,KR
2025-07-31,4.3,4.1939435,2020-07-31,2025-06-30,US
2025-08-31,4.244703,4.2078333,2020-08-31,2025-07-31,AU
2025-08-31,7.1,6.8930597,2020-08-31,2025-07-31,CA
2025-08-31,3.8,3.7220616,2020-08-31,2025-07-31,DE
2025-08-31,7.8,7.711965,2020-08-31,2025-07-31,FR
2025-08-31,5.0,4.8233366,2020-08-31,2025-07-31,GB
2025-08-31,6.0,6.2696686,2020-08-31,2025-07-31,IT
2025-08-31,2.6,2.4979312,2020-08-31,2025-07-31,JP
2025-08-31,2.8,3.272483,2020-08-31,2025-07-31,KR
2025-08-31,4.3,4.2277746,2020-08-31,2025-07-31,US
2025-09-30,4.437698,4.2206936,2020-09-30,2025-08-31,AU
2025-09-30,7.1,7.0289187,2020-09-30,2025-08-31,CA
2025-09-30,3.8,3.7295032,2020-09-30,2025-08-31,DE
2025-09-30,7.9,7.621087,2020-09-30,2025-08-31,FR
2025-09-30,5.1,4.8273945,2020-09-30,2025-08-31,GB
2025-09-30,6.0,6.167841,2020-09-30,2025-08-31,IT
2025-09-30,2.6,2.6721215,2020-09-30,2025-08-31,JP
2025-09-30,2.7,3.4211557,2020-09-30,2025-08-31,KR
2025-09-30,4.4,4.254061,2020-09-30,2025-08-31,US
2025-10-31,4.331548,4.3739944,2020-10-31,2025-09-30,AU
2025-10-31,6.9,6.9955873,2020-10-31,2025-09-30,CA
2025-10-31,3.9,3.865844,2020-10-31,2025-09-30,DE
2025-10-31,8.0,8.0184555,2020-10-31,2025-09-30,FR
2025-10-31,5.1,4.884849,2020-10-31,2025-09-30,GB
2025-10-31,5.8,6.060338,2020-10-31,2025-09-30,IT
2025-10-31,2.6,2.5793514,2020-10-31,2025-09-30,JP
2025-10-31,2.7,4.0283265,2020-10-31,2025-09-30,KR
2025-10-31,4.45,4.41357,2020-10-31,2025-09-30,US
2025-11-30,4.322312,4.339155,2020-11-30,2025-10-31,AU
2025-11-30,6.6,6.8319516,2020-11-30,2025-10-31,CA
2025-11-30,3.9,3.9409177,2020-11-30,2025-10-31,DE
2025-11-30,8.0,7.307117,2020-11-30,2025-10-31,FR
2025-11-30,5.2,4.970473,2020-11-30,2025-10-31,GB
2025-11-30,5.7,5.4005823,2020-11-30,2025-10-31,IT
2025-11-30,2.6,2.5661373,2020-11-30,2025-10-31,JP
2025-11-30,2.8,2.8052702,2020-11-30,2025-10-31,KR
2025-11-30,4.5,4.483201,2020-11-30,2025-10-31,US
2025-12-31,4.11812,4.190286,2020-12-31,2025-11-30,AU
2025-12-31,6.8,6.684211,2020-12-31,2025-11-30,CA
2025-12-31,3.9,4.035399,2020-12-31,2025-11-30,DE
2025-12-31,8.0,7.7197957,2020-12-31,2025-11-30,FR
2025-12-31,5.2,4.904825,2020-12-31,2025-11-30,GB
2025-12-31,5.6,5.4368243,2020-12-31,2025-11-30,IT
2025-12-31,2.6,2.5559113,2020-12-31,2025-11-30,JP
2025-12-31,3.3,3.0941377,2020-12-31,2025-11-30,KR
2025-12-31,4.4,4.501407,2020-12-31,2025-11-30,US
